<?xml version="1.0" encoding="UTF-8"?>
<metadata xml:lang="es"><Esri><CreaDate>20231204</CreaDate><CreaTime>13225700</CreaTime><ArcGISFormat>1.0</ArcGISFormat><ArcGISstyle>FGDC CSDGM Metadata</ArcGISstyle><SyncOnce>FALSE</SyncOnce><DataProperties><lineage><Process ToolSource="c:\program files (x86)\arcgis\desktop10.4\ArcToolbox\Toolboxes\Data Management Tools.tbx\CalculateField" Date="20231121" Time="212047">CalculateField 1ra_Red_vial_primaria_acceso_controlado_cdmx_09_23 ID_NOM "[ID_NOM] =2" VB #</Process><Process ToolSource="c:\program files (x86)\arcgis\desktop10.4\ArcToolbox\Toolboxes\Data Management Tools.tbx\CalculateField" Date="20231121" Time="212121">CalculateField 1ra_Red_vial_primaria_acceso_controlado_cdmx_09_23 ID_NOM "[ID_NOM] = 2" VB #</Process><Process ToolSource="c:\program files (x86)\arcgis\desktop10.4\ArcToolbox\Toolboxes\Data Management Tools.tbx\CalculateField" Date="20231121" Time="213432">CalculateField 1ra_Red_vial_primaria_acceso_controlado_cdmx_09_23 ID_NOM "[ID_NOM] =1" VB #</Process><Process ToolSource="c:\program files (x86)\arcgis\desktop10.4\ArcToolbox\Toolboxes\Data Management Tools.tbx\CalculateField" Date="20231121" Time="213511">CalculateField 1ra_Red_vial_primaria_acceso_controlado_cdmx_09_23 ID_NOM "[ID_NOM] =1" VB #</Process><Process ToolSource="c:\program files (x86)\arcgis\desktop10.4\ArcToolbox\Toolboxes\Data Management Tools.tbx\CalculateField" Date="20231121" Time="213532">CalculateField 1ra_Red_vial_primaria_acceso_controlado_cdmx_09_23 ID_NOM 1 VB #</Process><Process ToolSource="c:\program files (x86)\arcgis\desktop10.4\ArcToolbox\Toolboxes\Data Management Tools.tbx\CalculateField" Date="20231121" Time="213748">CalculateField 1ra_Red_vial_primaria_acceso_controlado_cdmx_09_23 ID_NOM 2 VB #</Process><Process ToolSource="c:\program files (x86)\arcgis\desktop10.4\ArcToolbox\Toolboxes\Data Management Tools.tbx\CalculateField" Date="20231121" Time="215343">CalculateField 1ra_Red_vial_primaria_acceso_controlado_cdmx_09_23 ID_NOM 3 VB #</Process><Process ToolSource="c:\program files (x86)\arcgis\desktop10.4\ArcToolbox\Toolboxes\Data Management Tools.tbx\CalculateField" Date="20231121" Time="215435">CalculateField 1ra_Red_vial_primaria_acceso_controlado_cdmx_09_23 ID_NOM 3 VB #</Process><Process ToolSource="c:\program files (x86)\arcgis\desktop10.4\ArcToolbox\Toolboxes\Data Management Tools.tbx\CalculateField" Date="20231121" Time="215827">CalculateField 1ra_Red_vial_primaria_acceso_controlado_cdmx_09_23 ID_NOM 4 VB #</Process><Process ToolSource="c:\program files (x86)\arcgis\desktop10.4\ArcToolbox\Toolboxes\Data Management Tools.tbx\CalculateField" Date="20231121" Time="220221">CalculateField 1ra_Red_vial_primaria_acceso_controlado_cdmx_09_23 ID_NOM 5 VB #</Process><Process ToolSource="c:\program files (x86)\arcgis\desktop10.4\ArcToolbox\Toolboxes\Data Management Tools.tbx\CalculateField" Date="20231121" Time="220341">CalculateField 1ra_Red_vial_primaria_acceso_controlado_cdmx_09_23 ID_NOM 6 VB #</Process><Process ToolSource="c:\program files (x86)\arcgis\desktop10.4\ArcToolbox\Toolboxes\Data Management Tools.tbx\CalculateField" Date="20231121" Time="221027">CalculateField 1ra_Red_vial_primaria_acceso_controlado_cdmx_09_23 ID_NOM 7 VB #</Process><Process ToolSource="c:\program files (x86)\arcgis\desktop10.4\ArcToolbox\Toolboxes\Data Management Tools.tbx\CalculateField" Date="20231121" Time="221158">CalculateField 1ra_Red_vial_primaria_acceso_controlado_cdmx_09_23 ID_NOM 8 VB #</Process><Process ToolSource="c:\program files (x86)\arcgis\desktop10.4\ArcToolbox\Toolboxes\Data Management Tools.tbx\CalculateField" Date="20231121" Time="221340">CalculateField 1ra_Red_vial_primaria_acceso_controlado_cdmx_09_23 ID_NOM 9 VB #</Process><Process ToolSource="c:\program files (x86)\arcgis\desktop10.4\ArcToolbox\Toolboxes\Data Management Tools.tbx\CalculateField" Date="20231121" Time="221541">CalculateField 1ra_Red_vial_primaria_acceso_controlado_cdmx_09_23 ID_NOM 10 VB #</Process><Process ToolSource="c:\program files (x86)\arcgis\desktop10.4\ArcToolbox\Toolboxes\Data Management Tools.tbx\CalculateField" Date="20231121" Time="222150">CalculateField 1ra_Red_vial_primaria_acceso_controlado_cdmx_09_23 ID_NOM 1 VB #</Process><Process ToolSource="c:\program files (x86)\arcgis\desktop10.4\ArcToolbox\Toolboxes\Data Management Tools.tbx\CalculateField" Date="20231121" Time="222729">CalculateField 1ra_Red_vial_primaria_acceso_controlado_cdmx_09_23 ID_NOM 1 VB #</Process><Process ToolSource="c:\program files (x86)\arcgis\desktop10.4\ArcToolbox\Toolboxes\Data Management Tools.tbx\CalculateField" Date="20231121" Time="222903">CalculateField 1ra_Red_vial_primaria_acceso_controlado_cdmx_09_23 ID_NOM 2 VB #</Process><Process ToolSource="c:\program files (x86)\arcgis\desktop10.4\ArcToolbox\Toolboxes\Data Management Tools.tbx\CalculateField" Date="20231121" Time="223342">CalculateField 1ra_Red_vial_primaria_acceso_controlado_cdmx_09_23 ID_NOM 1 VB #</Process><Process ToolSource="c:\program files (x86)\arcgis\desktop10.4\ArcToolbox\Toolboxes\Data Management Tools.tbx\CalculateField" Date="20231121" Time="223603">CalculateField 1ra_Red_vial_primaria_acceso_controlado_cdmx_09_23 ID_NOM 2 VB #</Process><Process ToolSource="c:\program files (x86)\arcgis\desktop10.4\ArcToolbox\Toolboxes\Data Management Tools.tbx\CalculateField" Date="20231121" Time="223705">CalculateField 1ra_Red_vial_primaria_acceso_controlado_cdmx_09_23 ID_NOM 3 VB #</Process><Process ToolSource="c:\program files (x86)\arcgis\desktop10.4\ArcToolbox\Toolboxes\Data Management Tools.tbx\CalculateField" Date="20231121" Time="223813">CalculateField 1ra_Red_vial_primaria_acceso_controlado_cdmx_09_23 ID_NOM 4 VB #</Process><Process ToolSource="c:\program files (x86)\arcgis\desktop10.4\ArcToolbox\Toolboxes\Data Management Tools.tbx\CalculateField" Date="20231121" Time="224005">CalculateField 1ra_Red_vial_primaria_acceso_controlado_cdmx_09_23 ID_NOM 5 VB #</Process><Process ToolSource="c:\program files (x86)\arcgis\desktop10.4\ArcToolbox\Toolboxes\Data Management Tools.tbx\CalculateField" Date="20231121" Time="224118">CalculateField 1ra_Red_vial_primaria_acceso_controlado_cdmx_09_23 ID_NOM 6 VB #</Process><Process ToolSource="c:\program files (x86)\arcgis\desktop10.4\ArcToolbox\Toolboxes\Data Management Tools.tbx\CalculateField" Date="20231121" Time="224311">CalculateField 1ra_Red_vial_primaria_acceso_controlado_cdmx_09_23 ID_NOM 1 VB #</Process><Process ToolSource="c:\program files (x86)\arcgis\desktop10.4\ArcToolbox\Toolboxes\Data Management Tools.tbx\CalculateField" Date="20231121" Time="224416">CalculateField 1ra_Red_vial_primaria_acceso_controlado_cdmx_09_23 ID_NOM 2 VB #</Process><Process ToolSource="c:\program files (x86)\arcgis\desktop10.4\ArcToolbox\Toolboxes\Data Management Tools.tbx\CalculateField" Date="20231121" Time="224535">CalculateField 1ra_Red_vial_primaria_acceso_controlado_cdmx_09_23 ID_NOM 3 VB #</Process><Process ToolSource="c:\program files (x86)\arcgis\desktop10.4\ArcToolbox\Toolboxes\Data Management Tools.tbx\CalculateField" Date="20231121" Time="224618">CalculateField 1ra_Red_vial_primaria_acceso_controlado_cdmx_09_23 ID_NOM 4 VB #</Process><Process ToolSource="c:\program files (x86)\arcgis\desktop10.4\ArcToolbox\Toolboxes\Data Management Tools.tbx\CalculateField" Date="20231121" Time="224655">CalculateField 1ra_Red_vial_primaria_acceso_controlado_cdmx_09_23 ID_NOM 5 VB #</Process><Process ToolSource="c:\program files (x86)\arcgis\desktop10.4\ArcToolbox\Toolboxes\Data Management Tools.tbx\CalculateField" Date="20231121" Time="225315">CalculateField 1ra_Red_vial_primaria_acceso_controlado_cdmx_09_23 ID_NOM 1 VB #</Process><Process ToolSource="c:\program files (x86)\arcgis\desktop10.4\ArcToolbox\Toolboxes\Data Management Tools.tbx\CalculateField" Date="20231121" Time="225619">CalculateField 1ra_Red_vial_primaria_acceso_controlado_cdmx_09_23 ID_NOM 2 VB #</Process><Process ToolSource="c:\program files (x86)\arcgis\desktop10.4\ArcToolbox\Toolboxes\Data Management Tools.tbx\CalculateField" Date="20231121" Time="225834">CalculateField 1ra_Red_vial_primaria_acceso_controlado_cdmx_09_23 ID_NOM 3 VB #</Process><Process ToolSource="c:\program files (x86)\arcgis\desktop10.4\ArcToolbox\Toolboxes\Data Management Tools.tbx\CalculateField" Date="20231121" Time="230048">CalculateField 1ra_Red_vial_primaria_acceso_controlado_cdmx_09_23 ID_NOM 4 VB #</Process><Process ToolSource="c:\program files (x86)\arcgis\desktop10.4\ArcToolbox\Toolboxes\Data Management Tools.tbx\CalculateField" Date="20231121" Time="230154">CalculateField 1ra_Red_vial_primaria_acceso_controlado_cdmx_09_23 ID_NOM 5 VB #</Process><Process ToolSource="c:\program files (x86)\arcgis\desktop10.4\ArcToolbox\Toolboxes\Data Management Tools.tbx\CalculateField" Date="20231121" Time="230236">CalculateField 1ra_Red_vial_primaria_acceso_controlado_cdmx_09_23 ID_NOM 6 VB #</Process><Process ToolSource="c:\program files (x86)\arcgis\desktop10.4\ArcToolbox\Toolboxes\Data Management Tools.tbx\CalculateField" Date="20231121" Time="230354">CalculateField 1ra_Red_vial_primaria_acceso_controlado_cdmx_09_23 ID_NOM 7 VB #</Process><Process ToolSource="c:\program files (x86)\arcgis\desktop10.4\ArcToolbox\Toolboxes\Data Management Tools.tbx\CalculateField" Date="20231121" Time="230426">CalculateField 1ra_Red_vial_primaria_acceso_controlado_cdmx_09_23 ID_NOM 8 VB #</Process><Process ToolSource="c:\program files (x86)\arcgis\desktop10.4\ArcToolbox\Toolboxes\Data Management Tools.tbx\CalculateField" Date="20231121" Time="230533">CalculateField 1ra_Red_vial_primaria_acceso_controlado_cdmx_09_23 ID_NOM 9 VB #</Process><Process ToolSource="c:\program files (x86)\arcgis\desktop10.4\ArcToolbox\Toolboxes\Data Management Tools.tbx\CalculateField" Date="20231121" Time="230642">CalculateField 1ra_Red_vial_primaria_acceso_controlado_cdmx_09_23 ID_NOM 10 VB #</Process><Process ToolSource="c:\program files (x86)\arcgis\desktop10.4\ArcToolbox\Toolboxes\Data Management Tools.tbx\CalculateField" Date="20231121" Time="230931">CalculateField 1ra_Red_vial_primaria_acceso_controlado_cdmx_09_23 ID_NOM 1 VB #</Process><Process ToolSource="c:\program files (x86)\arcgis\desktop10.4\ArcToolbox\Toolboxes\Data Management Tools.tbx\CalculateField" Date="20231121" Time="231109">CalculateField 1ra_Red_vial_primaria_acceso_controlado_cdmx_09_23 ID_NOM 1 VB #</Process><Process ToolSource="c:\program files (x86)\arcgis\desktop10.4\ArcToolbox\Toolboxes\Data Management Tools.tbx\CalculateField" Date="20231121" Time="231328">CalculateField 1ra_Red_vial_primaria_acceso_controlado_cdmx_09_23 ID_NOM 2 VB #</Process><Process ToolSource="c:\program files (x86)\arcgis\desktop10.4\ArcToolbox\Toolboxes\Data Management Tools.tbx\CalculateField" Date="20231121" Time="231501">CalculateField 1ra_Red_vial_primaria_acceso_controlado_cdmx_09_23 ID_NOM 3 VB #</Process><Process ToolSource="c:\program files (x86)\arcgis\desktop10.4\ArcToolbox\Toolboxes\Data Management Tools.tbx\CalculateField" Date="20231121" Time="231616">CalculateField 1ra_Red_vial_primaria_acceso_controlado_cdmx_09_23 ID_NOM 4 VB #</Process><Process ToolSource="c:\program files (x86)\arcgis\desktop10.4\ArcToolbox\Toolboxes\Data Management Tools.tbx\CalculateField" Date="20231121" Time="231651">CalculateField 1ra_Red_vial_primaria_acceso_controlado_cdmx_09_23 ID_NOM 5 VB #</Process><Process ToolSource="c:\program files (x86)\arcgis\desktop10.4\ArcToolbox\Toolboxes\Data Management Tools.tbx\CalculateField" Date="20231121" Time="231756">CalculateField 1ra_Red_vial_primaria_acceso_controlado_cdmx_09_23 ID_NOM 6 VB #</Process><Process ToolSource="c:\program files (x86)\arcgis\desktop10.4\ArcToolbox\Toolboxes\Data Management Tools.tbx\CalculateField" Date="20231121" Time="231847">CalculateField 1ra_Red_vial_primaria_acceso_controlado_cdmx_09_23 ID_NOM 7 VB #</Process><Process ToolSource="c:\program files (x86)\arcgis\desktop10.4\ArcToolbox\Toolboxes\Data Management Tools.tbx\CalculateField" Date="20231121" Time="232201">CalculateField 1ra_Red_vial_primaria_acceso_controlado_cdmx_09_23 ID_NOM 1 VB #</Process><Process ToolSource="c:\program files (x86)\arcgis\desktop10.4\ArcToolbox\Toolboxes\Data Management Tools.tbx\CalculateField" Date="20231121" Time="232228">CalculateField 1ra_Red_vial_primaria_acceso_controlado_cdmx_09_23 ID_NOM 2 VB #</Process><Process ToolSource="c:\program files (x86)\arcgis\desktop10.4\ArcToolbox\Toolboxes\Data Management Tools.tbx\CalculateField" Date="20231121" Time="232346">CalculateField 1ra_Red_vial_primaria_acceso_controlado_cdmx_09_23 ID_NOM 3 VB #</Process><Process ToolSource="c:\program files (x86)\arcgis\desktop10.4\ArcToolbox\Toolboxes\Data Management Tools.tbx\CalculateField" Date="20231121" Time="232417">CalculateField 1ra_Red_vial_primaria_acceso_controlado_cdmx_09_23 ID_NOM 4 VB #</Process><Process ToolSource="c:\program files (x86)\arcgis\desktop10.4\ArcToolbox\Toolboxes\Data Management Tools.tbx\CalculateField" Date="20231121" Time="232454">CalculateField 1ra_Red_vial_primaria_acceso_controlado_cdmx_09_23 ID_NOM 5 VB #</Process><Process ToolSource="c:\program files (x86)\arcgis\desktop10.4\ArcToolbox\Toolboxes\Data Management Tools.tbx\CalculateField" Date="20231121" Time="232827">CalculateField 1ra_Red_vial_primaria_acceso_controlado_cdmx_09_23 ID_NOM 6 VB #</Process><Process ToolSource="c:\program files (x86)\arcgis\desktop10.4\ArcToolbox\Toolboxes\Data Management Tools.tbx\CalculateField" Date="20231121" Time="232907">CalculateField 1ra_Red_vial_primaria_acceso_controlado_cdmx_09_23 ID_NOM 7 VB #</Process><Process ToolSource="c:\program files (x86)\arcgis\desktop10.4\ArcToolbox\Toolboxes\Data Management Tools.tbx\CalculateField" Date="20231121" Time="233014">CalculateField 1ra_Red_vial_primaria_acceso_controlado_cdmx_09_23 ID_NOM 8 VB #</Process><Process ToolSource="c:\program files (x86)\arcgis\desktop10.4\ArcToolbox\Toolboxes\Data Management Tools.tbx\CalculateField" Date="20231121" Time="233054">CalculateField 1ra_Red_vial_primaria_acceso_controlado_cdmx_09_23 ID_NOM 9 VB #</Process><Process ToolSource="c:\program files (x86)\arcgis\desktop10.4\ArcToolbox\Toolboxes\Data Management Tools.tbx\CalculateField" Date="20231121" Time="233139">CalculateField 1ra_Red_vial_primaria_acceso_controlado_cdmx_09_23 ID_NOM 10 VB #</Process><Process ToolSource="c:\program files (x86)\arcgis\desktop10.4\ArcToolbox\Toolboxes\Data Management Tools.tbx\CalculateField" Date="20231121" Time="233207">CalculateField 1ra_Red_vial_primaria_acceso_controlado_cdmx_09_23 ID_NOM 11 VB #</Process><Process ToolSource="c:\program files (x86)\arcgis\desktop10.4\ArcToolbox\Toolboxes\Data Management Tools.tbx\CalculateField" Date="20231121" Time="233642">CalculateField 1ra_Red_vial_primaria_acceso_controlado_cdmx_09_23 ID_NOM 1 VB #</Process><Process ToolSource="c:\program files (x86)\arcgis\desktop10.4\ArcToolbox\Toolboxes\Data Management Tools.tbx\CalculateField" Date="20231121" Time="233829">CalculateField 1ra_Red_vial_primaria_acceso_controlado_cdmx_09_23 ID_NOM 2 VB #</Process><Process ToolSource="c:\program files (x86)\arcgis\desktop10.4\ArcToolbox\Toolboxes\Data Management Tools.tbx\CalculateField" Date="20231121" Time="233915">CalculateField 1ra_Red_vial_primaria_acceso_controlado_cdmx_09_23 ID_NOM 3 VB #</Process><Process ToolSource="c:\program files (x86)\arcgis\desktop10.4\ArcToolbox\Toolboxes\Data Management Tools.tbx\CalculateField" Date="20231121" Time="234215">CalculateField 1ra_Red_vial_primaria_acceso_controlado_cdmx_09_23 ID_NOM 4 VB #</Process><Process ToolSource="c:\program files (x86)\arcgis\desktop10.4\ArcToolbox\Toolboxes\Data Management Tools.tbx\CalculateField" Date="20231121" Time="235527">CalculateField 1ra_Red_vial_primaria_acceso_controlado_cdmx_09_23 ID_NOM 5 VB #</Process><Process ToolSource="c:\program files (x86)\arcgis\desktop10.4\ArcToolbox\Toolboxes\Data Management Tools.tbx\CalculateField" Date="20231121" Time="235632">CalculateField 1ra_Red_vial_primaria_acceso_controlado_cdmx_09_23 ID_NOM 6 VB #</Process><Process ToolSource="c:\program files (x86)\arcgis\desktop10.4\ArcToolbox\Toolboxes\Data Management Tools.tbx\CalculateField" Date="20231121" Time="235747">CalculateField 1ra_Red_vial_primaria_acceso_controlado_cdmx_09_23 ID_NOM 7 VB #</Process><Process ToolSource="c:\program files (x86)\arcgis\desktop10.4\ArcToolbox\Toolboxes\Data Management Tools.tbx\CalculateField" Date="20231121" Time="235840">CalculateField 1ra_Red_vial_primaria_acceso_controlado_cdmx_09_23 ID_NOM 8 VB #</Process><Process ToolSource="c:\program files (x86)\arcgis\desktop10.4\ArcToolbox\Toolboxes\Data Management Tools.tbx\CalculateField" Date="20231121" Time="235926">CalculateField 1ra_Red_vial_primaria_acceso_controlado_cdmx_09_23 ID_NOM 9 VB #</Process><Process ToolSource="c:\program files (x86)\arcgis\desktop10.4\ArcToolbox\Toolboxes\Data Management Tools.tbx\CalculateField" Date="20231122" Time="000014">CalculateField 1ra_Red_vial_primaria_acceso_controlado_cdmx_09_23 ID_NOM 10 VB #</Process><Process ToolSource="c:\program files (x86)\arcgis\desktop10.4\ArcToolbox\Toolboxes\Data Management Tools.tbx\CalculateField" Date="20231122" Time="000056">CalculateField 1ra_Red_vial_primaria_acceso_controlado_cdmx_09_23 ID_NOM 11 VB #</Process><Process ToolSource="c:\program files (x86)\arcgis\desktop10.4\ArcToolbox\Toolboxes\Data Management Tools.tbx\CalculateField" Date="20231122" Time="095247">CalculateField 1ra_Red_vial_primaria_acceso_controlado_cdmx_09_23 ID_NOM 1 VB #</Process><Process ToolSource="c:\program files (x86)\arcgis\desktop10.4\ArcToolbox\Toolboxes\Data Management Tools.tbx\CalculateField" Date="20231122" Time="095804">CalculateField 1ra_Red_vial_primaria_acceso_controlado_cdmx_09_23 ID_NOM 2 VB #</Process><Process ToolSource="c:\program files (x86)\arcgis\desktop10.4\ArcToolbox\Toolboxes\Data Management Tools.tbx\CalculateField" Date="20231122" Time="095904">CalculateField 1ra_Red_vial_primaria_acceso_controlado_cdmx_09_23 ID_NOM 3 VB #</Process><Process ToolSource="c:\program files (x86)\arcgis\desktop10.4\ArcToolbox\Toolboxes\Data Management Tools.tbx\CalculateField" Date="20231122" Time="100146">CalculateField 1ra_Red_vial_primaria_acceso_controlado_cdmx_09_23 ID_NOM 4 VB #</Process><Process ToolSource="c:\program files (x86)\arcgis\desktop10.4\ArcToolbox\Toolboxes\Data Management Tools.tbx\CalculateField" Date="20231122" Time="100321">CalculateField 1ra_Red_vial_primaria_acceso_controlado_cdmx_09_23 ID_NOM 5 VB #</Process><Process ToolSource="c:\program files (x86)\arcgis\desktop10.4\ArcToolbox\Toolboxes\Data Management Tools.tbx\CalculateField" Date="20231122" Time="100703">CalculateField 1ra_Red_vial_primaria_acceso_controlado_cdmx_09_23 ID_NOM 6 VB #</Process><Process ToolSource="c:\program files (x86)\arcgis\desktop10.4\ArcToolbox\Toolboxes\Data Management Tools.tbx\CalculateField" Date="20231122" Time="100822">CalculateField 1ra_Red_vial_primaria_acceso_controlado_cdmx_09_23 ID_NOM 7 VB #</Process><Process ToolSource="c:\program files (x86)\arcgis\desktop10.4\ArcToolbox\Toolboxes\Data Management Tools.tbx\CalculateField" Date="20231122" Time="101844">CalculateField 1ra_Red_vial_primaria_acceso_controlado_cdmx_09_23 ID_NOM 8 VB #</Process><Process ToolSource="c:\program files (x86)\arcgis\desktop10.4\ArcToolbox\Toolboxes\Data Management Tools.tbx\CalculateField" Date="20231122" Time="102334">CalculateField 1ra_Red_vial_primaria_acceso_controlado_cdmx_09_23 ID_NOM 9 VB #</Process><Process ToolSource="c:\program files (x86)\arcgis\desktop10.4\ArcToolbox\Toolboxes\Data Management Tools.tbx\CalculateField" Date="20231122" Time="111401">CalculateField 1ra_Red_vial_primaria_acceso_controlado_cdmx_09_23 ID_NOM 1 VB #</Process><Process ToolSource="c:\program files (x86)\arcgis\desktop10.4\ArcToolbox\Toolboxes\Data Management Tools.tbx\CalculateField" Date="20231122" Time="111445">CalculateField 1ra_Red_vial_primaria_acceso_controlado_cdmx_09_23 ID_NOM 2 VB #</Process><Process ToolSource="c:\program files (x86)\arcgis\desktop10.4\ArcToolbox\Toolboxes\Data Management Tools.tbx\CalculateField" Date="20231122" Time="111558">CalculateField 1ra_Red_vial_primaria_acceso_controlado_cdmx_09_23 ID_NOM 3 VB #</Process><Process ToolSource="c:\program files (x86)\arcgis\desktop10.4\ArcToolbox\Toolboxes\Data Management Tools.tbx\CalculateField" Date="20231122" Time="112031">CalculateField 1ra_Red_vial_primaria_acceso_controlado_cdmx_09_23 ID_NOM 1 VB #</Process><Process ToolSource="c:\program files (x86)\arcgis\desktop10.4\ArcToolbox\Toolboxes\Data Management Tools.tbx\CalculateField" Date="20231122" Time="112210">CalculateField 1ra_Red_vial_primaria_acceso_controlado_cdmx_09_23 ID_NOM 2 VB #</Process><Process ToolSource="c:\program files (x86)\arcgis\desktop10.4\ArcToolbox\Toolboxes\Data Management Tools.tbx\CalculateField" Date="20231122" Time="112529">CalculateField 1ra_Red_vial_primaria_acceso_controlado_cdmx_09_23 ID_NOM 3 VB #</Process><Process ToolSource="c:\program files (x86)\arcgis\desktop10.4\ArcToolbox\Toolboxes\Data Management Tools.tbx\CalculateField" Date="20231122" Time="113013">CalculateField 1ra_Red_vial_primaria_acceso_controlado_cdmx_09_23 ID_NOM 4 VB #</Process><Process ToolSource="c:\program files (x86)\arcgis\desktop10.4\ArcToolbox\Toolboxes\Data Management Tools.tbx\CalculateField" Date="20231122" Time="113408">CalculateField 1ra_Red_vial_primaria_acceso_controlado_cdmx_09_23 ID_NOM 5 VB #</Process><Process ToolSource="c:\program files (x86)\arcgis\desktop10.4\ArcToolbox\Toolboxes\Data Management Tools.tbx\CalculateField" Date="20231122" Time="113638">CalculateField 1ra_Red_vial_primaria_acceso_controlado_cdmx_09_23 ID_NOM 6 VB #</Process><Process ToolSource="c:\program files (x86)\arcgis\desktop10.4\ArcToolbox\Toolboxes\Data Management Tools.tbx\CalculateField" Date="20231122" Time="113734">CalculateField 1ra_Red_vial_primaria_acceso_controlado_cdmx_09_23 ID_NOM 7 VB #</Process><Process ToolSource="c:\program files (x86)\arcgis\desktop10.4\ArcToolbox\Toolboxes\Data Management Tools.tbx\CalculateField" Date="20231122" Time="115249">CalculateField 1ra_Red_vial_primaria_acceso_controlado_cdmx_09_23 ID_NOM 8 VB #</Process><Process ToolSource="c:\program files (x86)\arcgis\desktop10.4\ArcToolbox\Toolboxes\Data Management Tools.tbx\CalculateField" Date="20231122" Time="115356">CalculateField 1ra_Red_vial_primaria_acceso_controlado_cdmx_09_23 ID_NOM 9 VB #</Process><Process ToolSource="c:\program files (x86)\arcgis\desktop10.4\ArcToolbox\Toolboxes\Data Management Tools.tbx\CalculateField" Date="20231122" Time="120256">CalculateField 1ra_Red_vial_primaria_acceso_controlado_cdmx_09_23 ID_NOM 10 VB #</Process><Process ToolSource="c:\program files (x86)\arcgis\desktop10.4\ArcToolbox\Toolboxes\Data Management Tools.tbx\CalculateField" Date="20231122" Time="120354">CalculateField 1ra_Red_vial_primaria_acceso_controlado_cdmx_09_23 ID_NOM 1 VB #</Process><Process ToolSource="c:\program files (x86)\arcgis\desktop10.4\ArcToolbox\Toolboxes\Data Management Tools.tbx\CalculateField" Date="20231122" Time="120432">CalculateField 1ra_Red_vial_primaria_acceso_controlado_cdmx_09_23 ID_NOM 2 VB #</Process><Process ToolSource="c:\program files (x86)\arcgis\desktop10.4\ArcToolbox\Toolboxes\Data Management Tools.tbx\CalculateField" Date="20231122" Time="121153">CalculateField 1ra_Red_vial_primaria_acceso_controlado_cdmx_09_23 ID_NOM 3 VB #</Process><Process ToolSource="c:\program files (x86)\arcgis\desktop10.4\ArcToolbox\Toolboxes\Data Management Tools.tbx\CalculateField" Date="20231122" Time="122124">CalculateField 1ra_Red_vial_primaria_acceso_controlado_cdmx_09_23 ID_NOM 1 VB #</Process><Process ToolSource="c:\program files (x86)\arcgis\desktop10.4\ArcToolbox\Toolboxes\Data Management Tools.tbx\CalculateField" Date="20231122" Time="125423">CalculateField 1ra_Red_vial_primaria_acceso_controlado_cdmx_09_23 ID_NOM 2 VB #</Process><Process ToolSource="c:\program files (x86)\arcgis\desktop10.4\ArcToolbox\Toolboxes\Data Management Tools.tbx\CalculateField" Date="20231122" Time="125441">CalculateField 1ra_Red_vial_primaria_acceso_controlado_cdmx_09_23 ID_NOM 0 VB #</Process><Process ToolSource="c:\program files (x86)\arcgis\desktop10.4\ArcToolbox\Toolboxes\Data Management Tools.tbx\CalculateField" Date="20231122" Time="125511">CalculateField 1ra_Red_vial_primaria_acceso_controlado_cdmx_09_23 ID_NOM 2 VB #</Process><Process ToolSource="c:\program files (x86)\arcgis\desktop10.4\ArcToolbox\Toolboxes\Data Management Tools.tbx\CalculateField" Date="20231122" Time="125527">CalculateField 1ra_Red_vial_primaria_acceso_controlado_cdmx_09_23 ID_NOM 1 VB #</Process><Process ToolSource="c:\program files (x86)\arcgis\desktop10.4\ArcToolbox\Toolboxes\Data Management Tools.tbx\CalculateField" Date="20231122" Time="130108">CalculateField 1ra_Red_vial_primaria_acceso_controlado_cdmx_09_23 ID_NOM 3 VB #</Process><Process ToolSource="c:\program files (x86)\arcgis\desktop10.4\ArcToolbox\Toolboxes\Data Management Tools.tbx\CalculateField" Date="20231122" Time="130325">CalculateField 1ra_Red_vial_primaria_acceso_controlado_cdmx_09_23 ID_NOM 4 VB #</Process><Process ToolSource="c:\program files (x86)\arcgis\desktop10.4\ArcToolbox\Toolboxes\Data Management Tools.tbx\CalculateField" Date="20231122" Time="130501">CalculateField 1ra_Red_vial_primaria_acceso_controlado_cdmx_09_23 ID_NOM 5 VB #</Process><Process ToolSource="c:\program files (x86)\arcgis\desktop10.4\ArcToolbox\Toolboxes\Data Management Tools.tbx\CalculateField" Date="20231122" Time="131109">CalculateField 1ra_Red_vial_primaria_acceso_controlado_cdmx_09_23 ID_NOM 6 VB #</Process><Process ToolSource="c:\program files (x86)\arcgis\desktop10.4\ArcToolbox\Toolboxes\Data Management Tools.tbx\CalculateField" Date="20231122" Time="131445">CalculateField 1ra_Red_vial_primaria_acceso_controlado_cdmx_09_23 ID_NOM 7 VB #</Process><Process ToolSource="c:\program files (x86)\arcgis\desktop10.4\ArcToolbox\Toolboxes\Data Management Tools.tbx\CalculateField" Date="20231122" Time="132847">CalculateField 1ra_Red_vial_primaria_acceso_controlado_cdmx_09_23 ID_NOM 8 VB #</Process><Process ToolSource="c:\program files (x86)\arcgis\desktop10.4\ArcToolbox\Toolboxes\Data Management Tools.tbx\CalculateField" Date="20231122" Time="134607">CalculateField 1ra_Red_vial_primaria_acceso_controlado_cdmx_09_23 ID_NOM 9 VB #</Process><Process ToolSource="c:\program files (x86)\arcgis\desktop10.4\ArcToolbox\Toolboxes\Data Management Tools.tbx\CalculateField" Date="20231122" Time="135140">CalculateField 1ra_Red_vial_primaria_acceso_controlado_cdmx_09_23 ID_NOM 11 VB #</Process><Process ToolSource="c:\program files (x86)\arcgis\desktop10.4\ArcToolbox\Toolboxes\Data Management Tools.tbx\CalculateField" Date="20231122" Time="135636">CalculateField 1ra_Red_vial_primaria_acceso_controlado_cdmx_09_23 ID_NOM 1 VB #</Process><Process ToolSource="c:\program files (x86)\arcgis\desktop10.4\ArcToolbox\Toolboxes\Data Management Tools.tbx\CalculateField" Date="20231122" Time="135840">CalculateField 1ra_Red_vial_primaria_acceso_controlado_cdmx_09_23 ID_NOM 2 VB #</Process><Process ToolSource="c:\program files (x86)\arcgis\desktop10.4\ArcToolbox\Toolboxes\Data Management Tools.tbx\CalculateField" Date="20231122" Time="135949">CalculateField 1ra_Red_vial_primaria_acceso_controlado_cdmx_09_23 ID_NOM 3 VB #</Process><Process ToolSource="c:\program files (x86)\arcgis\desktop10.4\ArcToolbox\Toolboxes\Data Management Tools.tbx\CalculateField" Date="20231122" Time="140049">CalculateField 1ra_Red_vial_primaria_acceso_controlado_cdmx_09_23 ID_NOM 4 VB #</Process><Process ToolSource="c:\program files (x86)\arcgis\desktop10.4\ArcToolbox\Toolboxes\Data Management Tools.tbx\CalculateField" Date="20231122" Time="140247">CalculateField 1ra_Red_vial_primaria_acceso_controlado_cdmx_09_23 ID_NOM 5 VB #</Process><Process ToolSource="c:\program files (x86)\arcgis\desktop10.4\ArcToolbox\Toolboxes\Data Management Tools.tbx\CalculateField" Date="20231122" Time="213603">CalculateField 1ra_Red_vial_primaria_acceso_controlado_cdmx_09_23 ID_NOM 1 VB #</Process><Process ToolSource="c:\program files (x86)\arcgis\desktop10.4\ArcToolbox\Toolboxes\Data Management Tools.tbx\CalculateField" Date="20231122" Time="213621">CalculateField 1ra_Red_vial_primaria_acceso_controlado_cdmx_09_23 ID_NOM 1 VB #</Process><Process ToolSource="c:\program files (x86)\arcgis\desktop10.4\ArcToolbox\Toolboxes\Data Management Tools.tbx\CalculateField" Date="20231122" Time="213952">CalculateField 1ra_Red_vial_primaria_acceso_controlado_cdmx_09_23 ID_NOM 2 VB #</Process><Process ToolSource="c:\program files (x86)\arcgis\desktop10.4\ArcToolbox\Toolboxes\Data Management Tools.tbx\CalculateField" Date="20231122" Time="214218">CalculateField 1ra_Red_vial_primaria_acceso_controlado_cdmx_09_23 ID_NOM 3 VB #</Process><Process ToolSource="c:\program files (x86)\arcgis\desktop10.4\ArcToolbox\Toolboxes\Data Management Tools.tbx\CalculateField" Date="20231122" Time="214455">CalculateField 1ra_Red_vial_primaria_acceso_controlado_cdmx_09_23 ID_NOM 4 VB #</Process><Process ToolSource="c:\program files (x86)\arcgis\desktop10.4\ArcToolbox\Toolboxes\Data Management Tools.tbx\CalculateField" Date="20231122" Time="214934">CalculateField 1ra_Red_vial_primaria_acceso_controlado_cdmx_09_23 ID_NOM 1 VB #</Process><Process ToolSource="c:\program files (x86)\arcgis\desktop10.4\ArcToolbox\Toolboxes\Data Management Tools.tbx\CalculateField" Date="20231122" Time="215411">CalculateField 1ra_Red_vial_primaria_acceso_controlado_cdmx_09_23 ID_NOM 2 VB #</Process><Process ToolSource="c:\program files (x86)\arcgis\desktop10.4\ArcToolbox\Toolboxes\Data Management Tools.tbx\CalculateField" Date="20231122" Time="215510">CalculateField 1ra_Red_vial_primaria_acceso_controlado_cdmx_09_23 ID_NOM 3 VB #</Process><Process ToolSource="c:\program files (x86)\arcgis\desktop10.4\ArcToolbox\Toolboxes\Data Management Tools.tbx\CalculateField" Date="20231122" Time="215550">CalculateField 1ra_Red_vial_primaria_acceso_controlado_cdmx_09_23 ID_NOM 4 VB #</Process><Process ToolSource="c:\program files (x86)\arcgis\desktop10.4\ArcToolbox\Toolboxes\Data Management Tools.tbx\CalculateField" Date="20231122" Time="215750">CalculateField 1ra_Red_vial_primaria_acceso_controlado_cdmx_09_23 ID_NOM 5 VB #</Process><Process ToolSource="c:\program files (x86)\arcgis\desktop10.4\ArcToolbox\Toolboxes\Data Management Tools.tbx\CalculateField" Date="20231122" Time="220610">CalculateField 1ra_Red_vial_primaria_acceso_controlado_cdmx_09_23 ID_NOM 1 VB #</Process><Process ToolSource="c:\program files (x86)\arcgis\desktop10.4\ArcToolbox\Toolboxes\Data Management Tools.tbx\CalculateField" Date="20231122" Time="221105">CalculateField 1ra_Red_vial_primaria_acceso_controlado_cdmx_09_23 ID_NOM 2 VB #</Process><Process ToolSource="c:\program files (x86)\arcgis\desktop10.4\ArcToolbox\Toolboxes\Data Management Tools.tbx\CalculateField" Date="20231122" Time="221915">CalculateField 1ra_Red_vial_primaria_acceso_controlado_cdmx_09_23 ID_NOM 3 VB #</Process><Process ToolSource="c:\program files (x86)\arcgis\desktop10.4\ArcToolbox\Toolboxes\Data Management Tools.tbx\CalculateField" Date="20231122" Time="222006">CalculateField 1ra_Red_vial_primaria_acceso_controlado_cdmx_09_23 ID_NOM 4 VB #</Process><Process ToolSource="c:\program files (x86)\arcgis\desktop10.4\ArcToolbox\Toolboxes\Data Management Tools.tbx\CalculateField" Date="20231122" Time="222127">CalculateField 1ra_Red_vial_primaria_acceso_controlado_cdmx_09_23 ID_NOM 5 VB #</Process><Process ToolSource="c:\program files (x86)\arcgis\desktop10.4\ArcToolbox\Toolboxes\Data Management Tools.tbx\CalculateField" Date="20231122" Time="222226">CalculateField 1ra_Red_vial_primaria_acceso_controlado_cdmx_09_23 ID_NOM 6 VB #</Process><Process ToolSource="c:\program files (x86)\arcgis\desktop10.4\ArcToolbox\Toolboxes\Data Management Tools.tbx\CalculateField" Date="20231122" Time="222402">CalculateField 1ra_Red_vial_primaria_acceso_controlado_cdmx_09_23 ID_NOM 7 VB #</Process><Process ToolSource="c:\program files (x86)\arcgis\desktop10.4\ArcToolbox\Toolboxes\Data Management Tools.tbx\CalculateField" Date="20231122" Time="222552">CalculateField 1ra_Red_vial_primaria_acceso_controlado_cdmx_09_23 ID_NOM 8 VB #</Process><Process ToolSource="c:\program files (x86)\arcgis\desktop10.4\ArcToolbox\Toolboxes\Data Management Tools.tbx\CalculateField" Date="20231122" Time="223211">CalculateField 1ra_Red_vial_primaria_acceso_controlado_cdmx_09_23 ID_NOM 1 VB #</Process><Process ToolSource="c:\program files (x86)\arcgis\desktop10.4\ArcToolbox\Toolboxes\Data Management Tools.tbx\CalculateField" Date="20231122" Time="223245">CalculateField 1ra_Red_vial_primaria_acceso_controlado_cdmx_09_23 ID_NOM 2 VB #</Process><Process ToolSource="c:\program files (x86)\arcgis\desktop10.4\ArcToolbox\Toolboxes\Data Management Tools.tbx\CalculateField" Date="20231122" Time="223321">CalculateField 1ra_Red_vial_primaria_acceso_controlado_cdmx_09_23 ID_NOM 3 VB #</Process><Process ToolSource="c:\program files (x86)\arcgis\desktop10.4\ArcToolbox\Toolboxes\Data Management Tools.tbx\CalculateField" Date="20231122" Time="223513">CalculateField 1ra_Red_vial_primaria_acceso_controlado_cdmx_09_23 ID_NOM 4 VB #</Process><Process ToolSource="c:\program files (x86)\arcgis\desktop10.4\ArcToolbox\Toolboxes\Data Management Tools.tbx\CalculateField" Date="20231122" Time="223719">CalculateField 1ra_Red_vial_primaria_acceso_controlado_cdmx_09_23 ID_NOM 1 VB #</Process><Process ToolSource="c:\program files (x86)\arcgis\desktop10.4\ArcToolbox\Toolboxes\Data Management Tools.tbx\CalculateField" Date="20231122" Time="224136">CalculateField 1ra_Red_vial_primaria_acceso_controlado_cdmx_09_23 ID_NOM 2 VB #</Process><Process ToolSource="c:\program files (x86)\arcgis\desktop10.4\ArcToolbox\Toolboxes\Data Management Tools.tbx\CalculateField" Date="20231122" Time="224236">CalculateField 1ra_Red_vial_primaria_acceso_controlado_cdmx_09_23 ID_NOM 3 VB #</Process><Process ToolSource="c:\program files (x86)\arcgis\desktop10.4\ArcToolbox\Toolboxes\Data Management Tools.tbx\CalculateField" Date="20231122" Time="224435">CalculateField 1ra_Red_vial_primaria_acceso_controlado_cdmx_09_23 ID_NOM 4 VB #</Process><Process ToolSource="c:\program files (x86)\arcgis\desktop10.4\ArcToolbox\Toolboxes\Data Management Tools.tbx\CalculateField" Date="20231122" Time="224546">CalculateField 1ra_Red_vial_primaria_acceso_controlado_cdmx_09_23 ID_NOM 5 VB #</Process><Process ToolSource="c:\program files (x86)\arcgis\desktop10.4\ArcToolbox\Toolboxes\Data Management Tools.tbx\CalculateField" Date="20231122" Time="224628">CalculateField 1ra_Red_vial_primaria_acceso_controlado_cdmx_09_23 ID_NOM 6 VB #</Process><Process ToolSource="c:\program files (x86)\arcgis\desktop10.4\ArcToolbox\Toolboxes\Data Management Tools.tbx\CalculateField" Date="20231122" Time="224752">CalculateField 1ra_Red_vial_primaria_acceso_controlado_cdmx_09_23 ID_NOM 7 VB #</Process><Process ToolSource="c:\program files (x86)\arcgis\desktop10.4\ArcToolbox\Toolboxes\Data Management Tools.tbx\CalculateField" Date="20231122" Time="224845">CalculateField 1ra_Red_vial_primaria_acceso_controlado_cdmx_09_23 ID_NOM 8 VB #</Process><Process ToolSource="c:\program files (x86)\arcgis\desktop10.4\ArcToolbox\Toolboxes\Data Management Tools.tbx\CalculateField" Date="20231122" Time="225047">CalculateField 1ra_Red_vial_primaria_acceso_controlado_cdmx_09_23 ID_NOM 1 VB #</Process><Process ToolSource="c:\program files (x86)\arcgis\desktop10.4\ArcToolbox\Toolboxes\Data Management Tools.tbx\CalculateField" Date="20231122" Time="225206">CalculateField 1ra_Red_vial_primaria_acceso_controlado_cdmx_09_23 ID_NOM 2 VB #</Process><Process ToolSource="c:\program files (x86)\arcgis\desktop10.4\ArcToolbox\Toolboxes\Data Management Tools.tbx\CalculateField" Date="20231122" Time="225240">CalculateField 1ra_Red_vial_primaria_acceso_controlado_cdmx_09_23 ID_NOM 3 VB #</Process><Process ToolSource="c:\program files (x86)\arcgis\desktop10.4\ArcToolbox\Toolboxes\Data Management Tools.tbx\CalculateField" Date="20231122" Time="225319">CalculateField 1ra_Red_vial_primaria_acceso_controlado_cdmx_09_23 ID_NOM 4 VB #</Process><Process ToolSource="c:\program files (x86)\arcgis\desktop10.4\ArcToolbox\Toolboxes\Data Management Tools.tbx\CalculateField" Date="20231122" Time="225811">CalculateField 1ra_Red_vial_primaria_acceso_controlado_cdmx_09_23 ID_NOM 5 VB #</Process><Process ToolSource="c:\program files (x86)\arcgis\desktop10.4\ArcToolbox\Toolboxes\Data Management Tools.tbx\CalculateField" Date="20231122" Time="225844">CalculateField 1ra_Red_vial_primaria_acceso_controlado_cdmx_09_23 ID_NOM 6 VB #</Process><Process ToolSource="c:\program files (x86)\arcgis\desktop10.4\ArcToolbox\Toolboxes\Data Management Tools.tbx\CalculateField" Date="20231122" Time="230106">CalculateField 1ra_Red_vial_primaria_acceso_controlado_cdmx_09_23 ID_NOM 7 VB #</Process><Process ToolSource="c:\program files (x86)\arcgis\desktop10.4\ArcToolbox\Toolboxes\Data Management Tools.tbx\CalculateField" Date="20231122" Time="230156">CalculateField 1ra_Red_vial_primaria_acceso_controlado_cdmx_09_23 ID_NOM 8 VB #</Process><Process ToolSource="c:\program files (x86)\arcgis\desktop10.4\ArcToolbox\Toolboxes\Data Management Tools.tbx\CalculateField" Date="20231122" Time="230348">CalculateField 1ra_Red_vial_primaria_acceso_controlado_cdmx_09_23 ID_NOM 9 VB #</Process><Process ToolSource="c:\program files (x86)\arcgis\desktop10.4\ArcToolbox\Toolboxes\Data Management Tools.tbx\CalculateField" Date="20231122" Time="230710">CalculateField 1ra_Red_vial_primaria_acceso_controlado_cdmx_09_23 ID_NOM 10 VB #</Process><Process ToolSource="c:\program files (x86)\arcgis\desktop10.4\ArcToolbox\Toolboxes\Data Management Tools.tbx\CalculateField" Date="20231122" Time="230803">CalculateField 1ra_Red_vial_primaria_acceso_controlado_cdmx_09_23 ID_NOM 11 VB #</Process><Process ToolSource="c:\program files (x86)\arcgis\desktop10.4\ArcToolbox\Toolboxes\Data Management Tools.tbx\CalculateField" Date="20231122" Time="230945">CalculateField 1ra_Red_vial_primaria_acceso_controlado_cdmx_09_23 ID_NOM 12 VB #</Process><Process ToolSource="c:\program files (x86)\arcgis\desktop10.4\ArcToolbox\Toolboxes\Data Management Tools.tbx\CalculateField" Date="20231122" Time="231315">CalculateField 1ra_Red_vial_primaria_acceso_controlado_cdmx_09_23 ID_NOM 1 VB #</Process><Process ToolSource="c:\program files (x86)\arcgis\desktop10.4\ArcToolbox\Toolboxes\Data Management Tools.tbx\CalculateField" Date="20231122" Time="231410">CalculateField 1ra_Red_vial_primaria_acceso_controlado_cdmx_09_23 ID_NOM 2 VB #</Process><Process ToolSource="c:\program files (x86)\arcgis\desktop10.4\ArcToolbox\Toolboxes\Data Management Tools.tbx\CalculateField" Date="20231122" Time="231622">CalculateField 1ra_Red_vial_primaria_acceso_controlado_cdmx_09_23 ID_NOM 3 VB #</Process><Process ToolSource="c:\program files (x86)\arcgis\desktop10.4\ArcToolbox\Toolboxes\Data Management Tools.tbx\CalculateField" Date="20231122" Time="231715">CalculateField 1ra_Red_vial_primaria_acceso_controlado_cdmx_09_23 ID_NOM 4 VB #</Process><Process ToolSource="c:\program files (x86)\arcgis\desktop10.4\ArcToolbox\Toolboxes\Data Management Tools.tbx\CalculateField" Date="20231122" Time="231853">CalculateField 1ra_Red_vial_primaria_acceso_controlado_cdmx_09_23 ID_NOM 5 VB #</Process><Process ToolSource="c:\program files (x86)\arcgis\desktop10.4\ArcToolbox\Toolboxes\Data Management Tools.tbx\CalculateField" Date="20231122" Time="231930">CalculateField 1ra_Red_vial_primaria_acceso_controlado_cdmx_09_23 ID_NOM 6 VB #</Process><Process ToolSource="c:\program files (x86)\arcgis\desktop10.4\ArcToolbox\Toolboxes\Data Management Tools.tbx\CalculateField" Date="20231122" Time="232115">CalculateField 1ra_Red_vial_primaria_acceso_controlado_cdmx_09_23 ID_NOM 7 VB #</Process><Process ToolSource="c:\program files (x86)\arcgis\desktop10.4\ArcToolbox\Toolboxes\Data Management Tools.tbx\CalculateField" Date="20231122" Time="232241">CalculateField 1ra_Red_vial_primaria_acceso_controlado_cdmx_09_23 ID_NOM 8 VB #</Process><Process ToolSource="c:\program files (x86)\arcgis\desktop10.4\ArcToolbox\Toolboxes\Data Management Tools.tbx\CalculateField" Date="20231122" Time="232325">CalculateField 1ra_Red_vial_primaria_acceso_controlado_cdmx_09_23 ID_NOM 9 VB #</Process><Process ToolSource="c:\program files (x86)\arcgis\desktop10.4\ArcToolbox\Toolboxes\Data Management Tools.tbx\CalculateField" Date="20231122" Time="232422">CalculateField 1ra_Red_vial_primaria_acceso_controlado_cdmx_09_23 ID_NOM 10 VB #</Process><Process ToolSource="c:\program files (x86)\arcgis\desktop10.4\ArcToolbox\Toolboxes\Data Management Tools.tbx\CalculateField" Date="20231122" Time="232509">CalculateField 1ra_Red_vial_primaria_acceso_controlado_cdmx_09_23 ID_NOM 11 VB #</Process><Process ToolSource="c:\program files (x86)\arcgis\desktop10.4\ArcToolbox\Toolboxes\Data Management Tools.tbx\CalculateField" Date="20231122" Time="232555">CalculateField 1ra_Red_vial_primaria_acceso_controlado_cdmx_09_23 ID_NOM 12 VB #</Process><Process ToolSource="c:\program files (x86)\arcgis\desktop10.4\ArcToolbox\Toolboxes\Data Management Tools.tbx\CalculateField" Date="20231122" Time="232745">CalculateField 1ra_Red_vial_primaria_acceso_controlado_cdmx_09_23 ID_NOM 13 VB #</Process><Process ToolSource="c:\program files (x86)\arcgis\desktop10.4\ArcToolbox\Toolboxes\Data Management Tools.tbx\CalculateField" Date="20231123" Time="093925">CalculateField 1ra_Red_vial_primaria_acceso_controlado_cdmx_09_23 ID_NOM 1 VB #</Process><Process ToolSource="c:\program files (x86)\arcgis\desktop10.4\ArcToolbox\Toolboxes\Data Management Tools.tbx\CalculateField" Date="20231123" Time="094044">CalculateField 1ra_Red_vial_primaria_acceso_controlado_cdmx_09_23 ID_NOM 2 VB #</Process><Process ToolSource="c:\program files (x86)\arcgis\desktop10.4\ArcToolbox\Toolboxes\Data Management Tools.tbx\CalculateField" Date="20231123" Time="094215">CalculateField 1ra_Red_vial_primaria_acceso_controlado_cdmx_09_23 ID_NOM 3 VB #</Process><Process ToolSource="c:\program files (x86)\arcgis\desktop10.4\ArcToolbox\Toolboxes\Data Management Tools.tbx\CalculateField" Date="20231123" Time="094243">CalculateField 1ra_Red_vial_primaria_acceso_controlado_cdmx_09_23 ID_NOM 4 VB #</Process><Process ToolSource="c:\program files (x86)\arcgis\desktop10.4\ArcToolbox\Toolboxes\Data Management Tools.tbx\CalculateField" Date="20231123" Time="094523">CalculateField 1ra_Red_vial_primaria_acceso_controlado_cdmx_09_23 ID_NOM 5 VB #</Process><Process ToolSource="c:\program files (x86)\arcgis\desktop10.4\ArcToolbox\Toolboxes\Data Management Tools.tbx\CalculateField" Date="20231123" Time="094610">CalculateField 1ra_Red_vial_primaria_acceso_controlado_cdmx_09_23 ID_NOM 6 VB #</Process><Process ToolSource="c:\program files (x86)\arcgis\desktop10.4\ArcToolbox\Toolboxes\Data Management Tools.tbx\CalculateField" Date="20231123" Time="094658">CalculateField 1ra_Red_vial_primaria_acceso_controlado_cdmx_09_23 ID_NOM 7 VB #</Process><Process ToolSource="c:\program files (x86)\arcgis\desktop10.4\ArcToolbox\Toolboxes\Data Management Tools.tbx\CalculateField" Date="20231123" Time="094757">CalculateField 1ra_Red_vial_primaria_acceso_controlado_cdmx_09_23 ID_NOM 8 VB #</Process><Process ToolSource="c:\program files (x86)\arcgis\desktop10.4\ArcToolbox\Toolboxes\Data Management Tools.tbx\CalculateField" Date="20231123" Time="094851">CalculateField 1ra_Red_vial_primaria_acceso_controlado_cdmx_09_23 ID_NOM 9 VB #</Process><Process ToolSource="c:\program files (x86)\arcgis\desktop10.4\ArcToolbox\Toolboxes\Data Management Tools.tbx\CalculateField" Date="20231123" Time="094937">CalculateField 1ra_Red_vial_primaria_acceso_controlado_cdmx_09_23 ID_NOM 10 VB #</Process><Process ToolSource="c:\program files (x86)\arcgis\desktop10.4\ArcToolbox\Toolboxes\Data Management Tools.tbx\CalculateField" Date="20231123" Time="095029">CalculateField 1ra_Red_vial_primaria_acceso_controlado_cdmx_09_23 ID_NOM 11 VB #</Process><Process ToolSource="c:\program files (x86)\arcgis\desktop10.4\ArcToolbox\Toolboxes\Data Management Tools.tbx\CalculateField" Date="20231123" Time="095229">CalculateField 1ra_Red_vial_primaria_acceso_controlado_cdmx_09_23 ID_NOM 12 VB #</Process><Process ToolSource="c:\program files (x86)\arcgis\desktop10.4\ArcToolbox\Toolboxes\Data Management Tools.tbx\CalculateField" Date="20231123" Time="095311">CalculateField 1ra_Red_vial_primaria_acceso_controlado_cdmx_09_23 ID_NOM 13 VB #</Process><Process ToolSource="c:\program files (x86)\arcgis\desktop10.4\ArcToolbox\Toolboxes\Data Management Tools.tbx\CalculateField" Date="20231123" Time="095418">CalculateField 1ra_Red_vial_primaria_acceso_controlado_cdmx_09_23 ID_NOM 1 VB #</Process><Process ToolSource="c:\program files (x86)\arcgis\desktop10.4\ArcToolbox\Toolboxes\Data Management Tools.tbx\CalculateField" Date="20231123" Time="095451">CalculateField 1ra_Red_vial_primaria_acceso_controlado_cdmx_09_23 ID_NOM 2 VB #</Process><Process ToolSource="c:\program files (x86)\arcgis\desktop10.4\ArcToolbox\Toolboxes\Data Management Tools.tbx\CalculateField" Date="20231123" Time="095558">CalculateField 1ra_Red_vial_primaria_acceso_controlado_cdmx_09_23 ID_NOM 3 VB #</Process><Process ToolSource="c:\program files (x86)\arcgis\desktop10.4\ArcToolbox\Toolboxes\Data Management Tools.tbx\CalculateField" Date="20231123" Time="095643">CalculateField 1ra_Red_vial_primaria_acceso_controlado_cdmx_09_23 ID_NOM 4 VB #</Process><Process ToolSource="c:\program files (x86)\arcgis\desktop10.4\ArcToolbox\Toolboxes\Data Management Tools.tbx\CalculateField" Date="20231123" Time="095841">CalculateField 1ra_Red_vial_primaria_acceso_controlado_cdmx_09_23 ID_NOM 1 VB #</Process><Process ToolSource="c:\program files (x86)\arcgis\desktop10.4\ArcToolbox\Toolboxes\Data Management Tools.tbx\CalculateField" Date="20231123" Time="100106">CalculateField 1ra_Red_vial_primaria_acceso_controlado_cdmx_09_23 ID_NOM 2 VB #</Process><Process ToolSource="c:\program files (x86)\arcgis\desktop10.4\ArcToolbox\Toolboxes\Data Management Tools.tbx\CalculateField" Date="20231123" Time="100205">CalculateField 1ra_Red_vial_primaria_acceso_controlado_cdmx_09_23 ID_NOM 1 VB #</Process><Process ToolSource="c:\program files (x86)\arcgis\desktop10.4\ArcToolbox\Toolboxes\Data Management Tools.tbx\CalculateField" Date="20231123" Time="100326">CalculateField 1ra_Red_vial_primaria_acceso_controlado_cdmx_09_23 ID_NOM 2 VB #</Process><Process ToolSource="c:\program files (x86)\arcgis\desktop10.4\ArcToolbox\Toolboxes\Data Management Tools.tbx\CalculateField" Date="20231123" Time="100633">CalculateField 1ra_Red_vial_primaria_acceso_controlado_cdmx_09_23 ID_NOM 3 VB #</Process><Process ToolSource="c:\program files (x86)\arcgis\desktop10.4\ArcToolbox\Toolboxes\Data Management Tools.tbx\CalculateField" Date="20231123" Time="100750">CalculateField 1ra_Red_vial_primaria_acceso_controlado_cdmx_09_23 ID_NOM 1 VB #</Process><Process ToolSource="c:\program files (x86)\arcgis\desktop10.4\ArcToolbox\Toolboxes\Data Management Tools.tbx\CalculateField" Date="20231123" Time="100857">CalculateField 1ra_Red_vial_primaria_acceso_controlado_cdmx_09_23 ID_NOM 2 VB #</Process><Process ToolSource="c:\program files (x86)\arcgis\desktop10.4\ArcToolbox\Toolboxes\Data Management Tools.tbx\CalculateField" Date="20231123" Time="101023">CalculateField 1ra_Red_vial_primaria_acceso_controlado_cdmx_09_23 ID_NOM 1 VB #</Process><Process ToolSource="c:\program files (x86)\arcgis\desktop10.4\ArcToolbox\Toolboxes\Data Management Tools.tbx\CalculateField" Date="20231123" Time="101056">CalculateField 1ra_Red_vial_primaria_acceso_controlado_cdmx_09_23 ID_NOM 2 VB #</Process><Process ToolSource="c:\program files (x86)\arcgis\desktop10.4\ArcToolbox\Toolboxes\Data Management Tools.tbx\CalculateField" Date="20231123" Time="101644">CalculateField 1ra_Red_vial_primaria_acceso_controlado_cdmx_09_23 ID_NOM 3 VB #</Process><Process ToolSource="c:\program files (x86)\arcgis\desktop10.4\ArcToolbox\Toolboxes\Data Management Tools.tbx\CalculateField" Date="20231123" Time="101742">CalculateField 1ra_Red_vial_primaria_acceso_controlado_cdmx_09_23 ID_NOM 4 VB #</Process><Process ToolSource="c:\program files (x86)\arcgis\desktop10.4\ArcToolbox\Toolboxes\Data Management Tools.tbx\CalculateField" Date="20231123" Time="121225">CalculateField 1ra_Red_vial_primaria_acceso_controlado_cdmx_09_23 ID_NOM 5 VB #</Process><Process ToolSource="c:\program files (x86)\arcgis\desktop10.4\ArcToolbox\Toolboxes\Data Management Tools.tbx\Merge" Date="20231124" Time="124127">Merge Casa_del_Obrero_Mundial;1ra_Red_vial_primaria_acceso_controlado_cdmx_09_23 C:\Users\luisr\Dropbox\PC\Documents\ArcGIS\Default.gdb\Casa_del_Obrero_Mundial_Merg "OBJECTID "OBJECTID" true true false 10 Long 0 10 ,First,#,Casa_del_Obrero_Mundial,OBJECTID,-1,-1,1ra_Red_vial_primaria_acceso_controlado_cdmx_09_23,OBJECTID,-1,-1;ID_VIA "ID_VIA" true true false 10 Long 0 10 ,First,#,Casa_del_Obrero_Mundial,ID_VIA,-1,-1,1ra_Red_vial_primaria_acceso_controlado_cdmx_09_23,ID_VIA,-1,-1;NOMBRE "NOMBRE" true true false 254 Text 0 0 ,First,#,Casa_del_Obrero_Mundial,NOMBRE,-1,-1,1ra_Red_vial_primaria_acceso_controlado_cdmx_09_23,NOMBRE,-1,-1;ID_NOM "ID_NOM" true true false 10 Long 0 10 ,First,#,Casa_del_Obrero_Mundial,ID_NOM,-1,-1,1ra_Red_vial_primaria_acceso_controlado_cdmx_09_23,ID_NOM,-1,-1;NOMENCLAT "NOMENCLAT" true true false 150 Text 0 0 ,First,#,Casa_del_Obrero_Mundial,NOMENCLAT,-1,-1,1ra_Red_vial_primaria_acceso_controlado_cdmx_09_23,NOMENCLAT,-1,-1;TIPO_VIA "TIPO_VIA" true true false 150 Text 0 0 ,First,#,Casa_del_Obrero_Mundial,TIPO_VIA,-1,-1,1ra_Red_vial_primaria_acceso_controlado_cdmx_09_23,TIPO_VIA,-1,-1;CARRILES "CARRILES" true true false 3 Text 0 0 ,First,#,Casa_del_Obrero_Mundial,CARRILES,-1,-1,1ra_Red_vial_primaria_acceso_controlado_cdmx_09_23,CARRILES,-1,-1;NIVEL "NIVEL" true true false 10 Long 0 10 ,First,#,Casa_del_Obrero_Mundial,NIVEL,-1,-1,1ra_Red_vial_primaria_acceso_controlado_cdmx_09_23,NIVEL,-1,-1;CIRCULA "CIRCULA" true true false 150 Text 0 0 ,First,#,Casa_del_Obrero_Mundial,CIRCULA,-1,-1,1ra_Red_vial_primaria_acceso_controlado_cdmx_09_23,CIRCULA,-1,-1;ALCALDIA "ALCALDIA" true true false 150 Text 0 0 ,First,#,Casa_del_Obrero_Mundial,ALCALDIA,-1,-1,1ra_Red_vial_primaria_acceso_controlado_cdmx_09_23,ALCALDIA,-1,-1"</Process><Process ToolSource="c:\program files (x86)\arcgis\desktop10.4\ArcToolbox\Toolboxes\Data Management Tools.tbx\DeleteField" Date="20231124" Time="124237">DeleteField 1ra_Red_vial_primaria_acceso_controlado_cdmx_09_23 OBJECTID_1;OBJECTID;Shape_Leng</Process><Process ToolSource="c:\program files (x86)\arcgis\desktop10.4\ArcToolbox\Toolboxes\Data Management Tools.tbx\CalculateField" Date="20231124" Time="124347">CalculateField 1ra_Red_vial_primaria_acceso_controlado_cdmx_09_23 ID_NOM 1 VB #</Process><Process ToolSource="c:\program files (x86)\arcgis\desktop10.4\ArcToolbox\Toolboxes\Data Management Tools.tbx\CalculateField" Date="20231124" Time="124739">CalculateField 1ra_Red_vial_primaria_acceso_controlado_cdmx_09_23 ID_NOM 1 VB #</Process><Process ToolSource="c:\program files (x86)\arcgis\desktop10.4\ArcToolbox\Toolboxes\Data Management Tools.tbx\CalculateField" Date="20231124" Time="124906">CalculateField 1ra_Red_vial_primaria_acceso_controlado_cdmx_09_23 ID_NOM 2 VB #</Process><Process ToolSource="c:\program files (x86)\arcgis\desktop10.4\ArcToolbox\Toolboxes\Data Management Tools.tbx\CalculateField" Date="20231124" Time="124949">CalculateField 1ra_Red_vial_primaria_acceso_controlado_cdmx_09_23 ID_NOM 3 VB #</Process><Process ToolSource="c:\program files (x86)\arcgis\desktop10.4\ArcToolbox\Toolboxes\Data Management Tools.tbx\CalculateField" Date="20231124" Time="125126">CalculateField 1ra_Red_vial_primaria_acceso_controlado_cdmx_09_23 ID_NOM 1 VB #</Process><Process ToolSource="c:\program files (x86)\arcgis\desktop10.4\ArcToolbox\Toolboxes\Data Management Tools.tbx\CalculateField" Date="20231124" Time="125515">CalculateField 1ra_Red_vial_primaria_acceso_controlado_cdmx_09_23 ID_NOM 1 VB #</Process><Process ToolSource="c:\program files (x86)\arcgis\desktop10.4\ArcToolbox\Toolboxes\Data Management Tools.tbx\CalculateField" Date="20231124" Time="131016">CalculateField 1ra_Red_vial_primaria_acceso_controlado_cdmx_09_23 ID_NOM 1 VB #</Process><Process ToolSource="c:\program files (x86)\arcgis\desktop10.4\ArcToolbox\Toolboxes\Data Management Tools.tbx\CalculateField" Date="20231124" Time="131051">CalculateField 1ra_Red_vial_primaria_acceso_controlado_cdmx_09_23 ID_NOM 2 VB #</Process><Process ToolSource="c:\program files (x86)\arcgis\desktop10.4\ArcToolbox\Toolboxes\Data Management Tools.tbx\CalculateField" Date="20231124" Time="131815">CalculateField 1ra_Red_vial_primaria_acceso_controlado_cdmx_09_23 ID_NOM 3 VB #</Process><Process ToolSource="c:\program files (x86)\arcgis\desktop10.4\ArcToolbox\Toolboxes\Data Management Tools.tbx\CalculateField" Date="20231124" Time="131925">CalculateField 1ra_Red_vial_primaria_acceso_controlado_cdmx_09_23 ID_NOM 1 VB #</Process><Process ToolSource="c:\program files (x86)\arcgis\desktop10.4\ArcToolbox\Toolboxes\Data Management Tools.tbx\CalculateField" Date="20231124" Time="132059">CalculateField 1ra_Red_vial_primaria_acceso_controlado_cdmx_09_23 ID_NOM 2 VB #</Process><Process ToolSource="c:\program files (x86)\arcgis\desktop10.4\ArcToolbox\Toolboxes\Data Management Tools.tbx\CalculateField" Date="20231124" Time="133926">CalculateField 1ra_Red_vial_primaria_acceso_controlado_cdmx_09_23 ID_NOM 3 VB #</Process><Process ToolSource="c:\program files (x86)\arcgis\desktop10.4\ArcToolbox\Toolboxes\Data Management Tools.tbx\CalculateField" Date="20231124" Time="134025">CalculateField 1ra_Red_vial_primaria_acceso_controlado_cdmx_09_23 ID_NOM 4 VB #</Process><Process ToolSource="c:\program files (x86)\arcgis\desktop10.4\ArcToolbox\Toolboxes\Data Management Tools.tbx\CalculateField" Date="20231124" Time="134119">CalculateField 1ra_Red_vial_primaria_acceso_controlado_cdmx_09_23 ID_NOM 5 VB #</Process><Process ToolSource="c:\program files (x86)\arcgis\desktop10.4\ArcToolbox\Toolboxes\Data Management Tools.tbx\CalculateField" Date="20231124" Time="134225">CalculateField 1ra_Red_vial_primaria_acceso_controlado_cdmx_09_23 ID_NOM 1 VB #</Process><Process ToolSource="c:\program files (x86)\arcgis\desktop10.4\ArcToolbox\Toolboxes\Data Management Tools.tbx\CalculateField" Date="20231124" Time="134248">CalculateField 1ra_Red_vial_primaria_acceso_controlado_cdmx_09_23 ID_NOM 2 VB #</Process><Process ToolSource="c:\program files (x86)\arcgis\desktop10.4\ArcToolbox\Toolboxes\Data Management Tools.tbx\CalculateField" Date="20231124" Time="134314">CalculateField 1ra_Red_vial_primaria_acceso_controlado_cdmx_09_23 ID_NOM 3 VB #</Process><Process ToolSource="c:\program files (x86)\arcgis\desktop10.4\ArcToolbox\Toolboxes\Data Management Tools.tbx\CalculateField" Date="20231124" Time="134337">CalculateField 1ra_Red_vial_primaria_acceso_controlado_cdmx_09_23 ID_NOM 4 VB #</Process><Process ToolSource="c:\program files (x86)\arcgis\desktop10.4\ArcToolbox\Toolboxes\Data Management Tools.tbx\CalculateField" Date="20231124" Time="134441">CalculateField 1ra_Red_vial_primaria_acceso_controlado_cdmx_09_23 ID_NOM 1 VB #</Process><Process ToolSource="c:\program files (x86)\arcgis\desktop10.4\ArcToolbox\Toolboxes\Data Management Tools.tbx\CalculateField" Date="20231124" Time="134517">CalculateField 1ra_Red_vial_primaria_acceso_controlado_cdmx_09_23 ID_NOM 1 VB #</Process><Process ToolSource="c:\program files (x86)\arcgis\desktop10.4\ArcToolbox\Toolboxes\Data Management Tools.tbx\CalculateField" Date="20231124" Time="134546">CalculateField 1ra_Red_vial_primaria_acceso_controlado_cdmx_09_23 ID_NOM 2 VB #</Process><Process ToolSource="c:\program files (x86)\arcgis\desktop10.4\ArcToolbox\Toolboxes\Data Management Tools.tbx\CalculateField" Date="20231124" Time="134940">CalculateField 1ra_Red_vial_primaria_acceso_controlado_cdmx_09_23 ID_NOM 1 VB #</Process><Process ToolSource="c:\program files (x86)\arcgis\desktop10.4\ArcToolbox\Toolboxes\Data Management Tools.tbx\CalculateField" Date="20231124" Time="135000">CalculateField 1ra_Red_vial_primaria_acceso_controlado_cdmx_09_23 ID_NOM 2 VB #</Process><Process ToolSource="c:\program files (x86)\arcgis\desktop10.4\ArcToolbox\Toolboxes\Data Management Tools.tbx\CalculateField" Date="20231124" Time="135025">CalculateField 1ra_Red_vial_primaria_acceso_controlado_cdmx_09_23 ID_NOM 3 VB #</Process><Process ToolSource="c:\program files (x86)\arcgis\desktop10.4\ArcToolbox\Toolboxes\Data Management Tools.tbx\CalculateField" Date="20231124" Time="135155">CalculateField 1ra_Red_vial_primaria_acceso_controlado_cdmx_09_23 ID_NOM 1 VB #</Process><Process ToolSource="c:\program files (x86)\arcgis\desktop10.4\ArcToolbox\Toolboxes\Data Management Tools.tbx\CalculateField" Date="20231124" Time="135302">CalculateField 1ra_Red_vial_primaria_acceso_controlado_cdmx_09_23 ID_NOM 1 VB #</Process><Process ToolSource="c:\program files (x86)\arcgis\desktop10.4\ArcToolbox\Toolboxes\Data Management Tools.tbx\CalculateField" Date="20231124" Time="135353">CalculateField 1ra_Red_vial_primaria_acceso_controlado_cdmx_09_23 ID_NOM 1 VB #</Process><Process ToolSource="c:\program files (x86)\arcgis\desktop10.4\ArcToolbox\Toolboxes\Data Management Tools.tbx\CalculateField" Date="20231124" Time="135443">CalculateField 1ra_Red_vial_primaria_acceso_controlado_cdmx_09_23 ID_NOM 1 VB #</Process><Process ToolSource="c:\program files (x86)\arcgis\desktop10.4\ArcToolbox\Toolboxes\Data Management Tools.tbx\CalculateField" Date="20231124" Time="135517">CalculateField 1ra_Red_vial_primaria_acceso_controlado_cdmx_09_23 ID_NOM 2 VB #</Process><Process ToolSource="c:\program files (x86)\arcgis\desktop10.4\ArcToolbox\Toolboxes\Data Management Tools.tbx\CalculateField" Date="20231124" Time="135607">CalculateField 1ra_Red_vial_primaria_acceso_controlado_cdmx_09_23 ID_NOM 3 VB #</Process><Process ToolSource="c:\program files (x86)\arcgis\desktop10.4\ArcToolbox\Toolboxes\Data Management Tools.tbx\CalculateField" Date="20231124" Time="135711">CalculateField 1ra_Red_vial_primaria_acceso_controlado_cdmx_09_23 ID_NOM 4 VB #</Process><Process ToolSource="c:\program files (x86)\arcgis\desktop10.4\ArcToolbox\Toolboxes\Data Management Tools.tbx\CalculateField" Date="20231124" Time="135843">CalculateField 1ra_Red_vial_primaria_acceso_controlado_cdmx_09_23 ID_NOM 5 VB #</Process><Process ToolSource="c:\program files (x86)\arcgis\desktop10.4\ArcToolbox\Toolboxes\Data Management Tools.tbx\CalculateField" Date="20231124" Time="135938">CalculateField 1ra_Red_vial_primaria_acceso_controlado_cdmx_09_23 ID_NOM 1 VB #</Process><Process ToolSource="c:\program files (x86)\arcgis\desktop10.4\ArcToolbox\Toolboxes\Data Management Tools.tbx\CalculateField" Date="20231124" Time="140102">CalculateField 1ra_Red_vial_primaria_acceso_controlado_cdmx_09_23 ID_NOM 1 VB #</Process><Process ToolSource="c:\program files (x86)\arcgis\desktop10.4\ArcToolbox\Toolboxes\Data Management Tools.tbx\CalculateField" Date="20231124" Time="140427">CalculateField 1ra_Red_vial_primaria_acceso_controlado_cdmx_09_23 ID_NOM 2 VB #</Process><Process ToolSource="c:\program files (x86)\arcgis\desktop10.4\ArcToolbox\Toolboxes\Data Management Tools.tbx\CalculateField" Date="20231124" Time="140636">CalculateField 1ra_Red_vial_primaria_acceso_controlado_cdmx_09_23 ID_NOM 2 VB #</Process><Process ToolSource="c:\program files (x86)\arcgis\desktop10.4\ArcToolbox\Toolboxes\Data Management Tools.tbx\CalculateField" Date="20231124" Time="141303">CalculateField 1ra_Red_vial_primaria_acceso_controlado_cdmx_09_23 ID_NOM 3 VB #</Process><Process ToolSource="c:\program files (x86)\arcgis\desktop10.4\ArcToolbox\Toolboxes\Data Management Tools.tbx\CalculateField" Date="20231124" Time="141627">CalculateField 1ra_Red_vial_primaria_acceso_controlado_cdmx_09_23 ID_NOM 5 VB #</Process><Process ToolSource="c:\program files (x86)\arcgis\desktop10.4\ArcToolbox\Toolboxes\Data Management Tools.tbx\CalculateField" Date="20231124" Time="141859">CalculateField 1ra_Red_vial_primaria_acceso_controlado_cdmx_09_23 ID_NOM 1 VB #</Process><Process ToolSource="c:\program files (x86)\arcgis\desktop10.4\ArcToolbox\Toolboxes\Data Management Tools.tbx\CalculateField" Date="20231124" Time="142008">CalculateField 1ra_Red_vial_primaria_acceso_controlado_cdmx_09_23 ID_NOM 1 VB #</Process><Process ToolSource="c:\program files (x86)\arcgis\desktop10.4\ArcToolbox\Toolboxes\Data Management Tools.tbx\CalculateField" Date="20231124" Time="142409">CalculateField 1ra_Red_vial_primaria_acceso_controlado_cdmx_09_23 ID_NOM 2 VB #</Process><Process ToolSource="c:\program files (x86)\arcgis\desktop10.4\ArcToolbox\Toolboxes\Data Management Tools.tbx\CalculateField" Date="20231124" Time="142443">CalculateField 1ra_Red_vial_primaria_acceso_controlado_cdmx_09_23 ID_NOM 3 VB #</Process><Process ToolSource="c:\program files (x86)\arcgis\desktop10.4\ArcToolbox\Toolboxes\Data Management Tools.tbx\CalculateField" Date="20231124" Time="142549">CalculateField 1ra_Red_vial_primaria_acceso_controlado_cdmx_09_23 ID_NOM 4 VB #</Process><Process ToolSource="c:\program files (x86)\arcgis\desktop10.4\ArcToolbox\Toolboxes\Data Management Tools.tbx\CalculateField" Date="20231124" Time="150934">CalculateField 1ra_Red_vial_primaria_acceso_controlado_cdmx_09_23 ID_NOM 1 VB #</Process><Process ToolSource="c:\program files (x86)\arcgis\desktop10.4\ArcToolbox\Toolboxes\Data Management Tools.tbx\CalculateField" Date="20231124" Time="151156">CalculateField 1ra_Red_vial_primaria_acceso_controlado_cdmx_09_23 ID_NOM 1 VB #</Process><Process ToolSource="c:\program files (x86)\arcgis\desktop10.4\ArcToolbox\Toolboxes\Data Management Tools.tbx\CalculateField" Date="20231124" Time="151319">CalculateField 1ra_Red_vial_primaria_acceso_controlado_cdmx_09_23 ID_NOM 1 VB #</Process><Process ToolSource="c:\program files (x86)\arcgis\desktop10.4\ArcToolbox\Toolboxes\Data Management Tools.tbx\CalculateField" Date="20231124" Time="151635">CalculateField 1ra_Red_vial_primaria_acceso_controlado_cdmx_09_23 ID_NOM 2 VB #</Process><Process ToolSource="c:\program files (x86)\arcgis\desktop10.4\ArcToolbox\Toolboxes\Data Management Tools.tbx\CalculateField" Date="20231124" Time="151953">CalculateField 1ra_Red_vial_primaria_acceso_controlado_cdmx_09_23 ID_NOM 3 VB #</Process><Process ToolSource="c:\program files (x86)\arcgis\desktop10.4\ArcToolbox\Toolboxes\Data Management Tools.tbx\CalculateField" Date="20231124" Time="152253">CalculateField 1ra_Red_vial_primaria_acceso_controlado_cdmx_09_23 ID_NOM 1 VB #</Process><Process ToolSource="c:\program files (x86)\arcgis\desktop10.4\ArcToolbox\Toolboxes\Data Management Tools.tbx\CalculateField" Date="20231124" Time="152336">CalculateField 1ra_Red_vial_primaria_acceso_controlado_cdmx_09_23 ID_NOM 1 VB #</Process><Process ToolSource="c:\program files (x86)\arcgis\desktop10.4\ArcToolbox\Toolboxes\Data Management Tools.tbx\CalculateField" Date="20231124" Time="152513">CalculateField 1ra_Red_vial_primaria_acceso_controlado_cdmx_09_23 ID_NOM 2 VB #</Process><Process ToolSource="c:\program files (x86)\arcgis\desktop10.4\ArcToolbox\Toolboxes\Data Management Tools.tbx\CalculateField" Date="20231124" Time="152642">CalculateField 1ra_Red_vial_primaria_acceso_controlado_cdmx_09_23 ID_NOM 3 VB #</Process><Process ToolSource="c:\program files (x86)\arcgis\desktop10.4\ArcToolbox\Toolboxes\Data Management Tools.tbx\CalculateField" Date="20231124" Time="152818">CalculateField 1ra_Red_vial_primaria_acceso_controlado_cdmx_09_23 ID_NOM 1 VB #</Process><Process ToolSource="c:\program files (x86)\arcgis\desktop10.4\ArcToolbox\Toolboxes\Data Management Tools.tbx\CalculateField" Date="20231124" Time="152926">CalculateField 1ra_Red_vial_primaria_acceso_controlado_cdmx_09_23 ID_NOM 2 VB #</Process><Process ToolSource="c:\program files (x86)\arcgis\desktop10.4\ArcToolbox\Toolboxes\Data Management Tools.tbx\CalculateField" Date="20231124" Time="153022">CalculateField 1ra_Red_vial_primaria_acceso_controlado_cdmx_09_23 ID_NOM 1 VB #</Process><Process ToolSource="c:\program files (x86)\arcgis\desktop10.4\ArcToolbox\Toolboxes\Data Management Tools.tbx\CalculateField" Date="20231124" Time="153134">CalculateField 1ra_Red_vial_primaria_acceso_controlado_cdmx_09_23 ID_NOM 1 VB #</Process><Process ToolSource="c:\program files (x86)\arcgis\desktop10.4\ArcToolbox\Toolboxes\Data Management Tools.tbx\CalculateField" Date="20231124" Time="153214">CalculateField 1ra_Red_vial_primaria_acceso_controlado_cdmx_09_23 ID_NOM 2 VB #</Process><Process ToolSource="c:\program files (x86)\arcgis\desktop10.4\ArcToolbox\Toolboxes\Data Management Tools.tbx\CalculateField" Date="20231124" Time="153326">CalculateField 1ra_Red_vial_primaria_acceso_controlado_cdmx_09_23 ID_NOM 1 VB #</Process><Process ToolSource="c:\program files (x86)\arcgis\desktop10.4\ArcToolbox\Toolboxes\Data Management Tools.tbx\CalculateField" Date="20231124" Time="153437">CalculateField 1ra_Red_vial_primaria_acceso_controlado_cdmx_09_23 ID_NOM 1 VB #</Process><Process ToolSource="c:\program files (x86)\arcgis\desktop10.4\ArcToolbox\Toolboxes\Data Management Tools.tbx\CalculateField" Date="20231124" Time="153515">CalculateField 1ra_Red_vial_primaria_acceso_controlado_cdmx_09_23 ID_NOM 1 VB #</Process><Process ToolSource="c:\program files (x86)\arcgis\desktop10.4\ArcToolbox\Toolboxes\Data Management Tools.tbx\CalculateField" Date="20231124" Time="153604">CalculateField 1ra_Red_vial_primaria_acceso_controlado_cdmx_09_23 ID_NOM 2 VB #</Process><Process ToolSource="c:\program files (x86)\arcgis\desktop10.4\ArcToolbox\Toolboxes\Data Management Tools.tbx\CalculateField" Date="20231124" Time="153628">CalculateField 1ra_Red_vial_primaria_acceso_controlado_cdmx_09_23 ID_NOM 3 VB #</Process><Process ToolSource="c:\program files (x86)\arcgis\desktop10.4\ArcToolbox\Toolboxes\Data Management Tools.tbx\CalculateField" Date="20231124" Time="153802">CalculateField 1ra_Red_vial_primaria_acceso_controlado_cdmx_09_23 ID_NOM 1 VB #</Process><Process ToolSource="c:\program files (x86)\arcgis\desktop10.4\ArcToolbox\Toolboxes\Data Management Tools.tbx\CalculateField" Date="20231124" Time="154013">CalculateField 1ra_Red_vial_primaria_acceso_controlado_cdmx_09_23 ID_NOM 2 VB #</Process><Process ToolSource="c:\program files (x86)\arcgis\desktop10.4\ArcToolbox\Toolboxes\Data Management Tools.tbx\CalculateField" Date="20231124" Time="154236">CalculateField 1ra_Red_vial_primaria_acceso_controlado_cdmx_09_23 ID_NOM 1 VB #</Process><Process ToolSource="c:\program files (x86)\arcgis\desktop10.4\ArcToolbox\Toolboxes\Data Management Tools.tbx\CalculateField" Date="20231124" Time="155012">CalculateField 1ra_Red_vial_primaria_acceso_controlado_cdmx_09_23 ID_NOM 1 VB #</Process><Process ToolSource="c:\program files (x86)\arcgis\desktop10.4\ArcToolbox\Toolboxes\Data Management Tools.tbx\CalculateField" Date="20231124" Time="155044">CalculateField 1ra_Red_vial_primaria_acceso_controlado_cdmx_09_23 ID_NOM 1 VB #</Process><Process ToolSource="c:\program files (x86)\arcgis\desktop10.4\ArcToolbox\Toolboxes\Data Management Tools.tbx\CalculateField" Date="20231124" Time="155139">CalculateField 1ra_Red_vial_primaria_acceso_controlado_cdmx_09_23 ID_NOM 2 VB #</Process><Process ToolSource="c:\program files (x86)\arcgis\desktop10.4\ArcToolbox\Toolboxes\Data Management Tools.tbx\CalculateField" Date="20231124" Time="155250">CalculateField 1ra_Red_vial_primaria_acceso_controlado_cdmx_09_23 ID_NOM 1 VB #</Process><Process ToolSource="c:\program files (x86)\arcgis\desktop10.4\ArcToolbox\Toolboxes\Data Management Tools.tbx\CalculateField" Date="20231124" Time="155502">CalculateField 1ra_Red_vial_primaria_acceso_controlado_cdmx_09_23 ID_NOM 1 VB #</Process><Process ToolSource="c:\program files (x86)\arcgis\desktop10.4\ArcToolbox\Toolboxes\Data Management Tools.tbx\CalculateField" Date="20231124" Time="160218">CalculateField 1ra_Red_vial_primaria_acceso_controlado_cdmx_09_23 ID_NOM 2 VB #</Process><Process ToolSource="c:\program files (x86)\arcgis\desktop10.4\ArcToolbox\Toolboxes\Data Management Tools.tbx\CalculateField" Date="20231124" Time="160316">CalculateField 1ra_Red_vial_primaria_acceso_controlado_cdmx_09_23 ID_NOM 3 VB #</Process><Process ToolSource="c:\program files (x86)\arcgis\desktop10.4\ArcToolbox\Toolboxes\Data Management Tools.tbx\CalculateField" Date="20231124" Time="160352">CalculateField 1ra_Red_vial_primaria_acceso_controlado_cdmx_09_23 ID_NOM 4 VB #</Process><Process ToolSource="c:\program files (x86)\arcgis\desktop10.4\ArcToolbox\Toolboxes\Data Management Tools.tbx\CalculateField" Date="20231124" Time="160453">CalculateField 1ra_Red_vial_primaria_acceso_controlado_cdmx_09_23 ID_NOM 5 VB #</Process><Process ToolSource="c:\program files (x86)\arcgis\desktop10.4\ArcToolbox\Toolboxes\Data Management Tools.tbx\CalculateField" Date="20231124" Time="160551">CalculateField 1ra_Red_vial_primaria_acceso_controlado_cdmx_09_23 ID_NOM 6 VB #</Process><Process ToolSource="c:\program files (x86)\arcgis\desktop10.4\ArcToolbox\Toolboxes\Data Management Tools.tbx\CalculateField" Date="20231124" Time="160841">CalculateField 1ra_Red_vial_primaria_acceso_controlado_cdmx_09_23 ID_NOM 1 VB #</Process><Process ToolSource="c:\program files (x86)\arcgis\desktop10.4\ArcToolbox\Toolboxes\Data Management Tools.tbx\CalculateField" Date="20231124" Time="161404">CalculateField 1ra_Red_vial_primaria_acceso_controlado_cdmx_09_23 ID_NOM 2 VB #</Process><Process ToolSource="c:\program files (x86)\arcgis\desktop10.4\ArcToolbox\Toolboxes\Data Management Tools.tbx\CalculateField" Date="20231124" Time="161846">CalculateField 1ra_Red_vial_primaria_acceso_controlado_cdmx_09_23 ID_NOM 3 VB #</Process><Process ToolSource="c:\program files (x86)\arcgis\desktop10.4\ArcToolbox\Toolboxes\Data Management Tools.tbx\CalculateField" Date="20231124" Time="162003">CalculateField 1ra_Red_vial_primaria_acceso_controlado_cdmx_09_23 ID_NOM 4 VB #</Process><Process ToolSource="c:\program files (x86)\arcgis\desktop10.4\ArcToolbox\Toolboxes\Data Management Tools.tbx\CalculateField" Date="20231124" Time="162128">CalculateField 1ra_Red_vial_primaria_acceso_controlado_cdmx_09_23 ID_NOM 5 VB #</Process><Process ToolSource="c:\program files (x86)\arcgis\desktop10.4\ArcToolbox\Toolboxes\Data Management Tools.tbx\CalculateField" Date="20231124" Time="162458">CalculateField 1ra_Red_vial_primaria_acceso_controlado_cdmx_09_23 ID_NOM 6 VB #</Process><Process ToolSource="c:\program files (x86)\arcgis\desktop10.4\ArcToolbox\Toolboxes\Data Management Tools.tbx\CalculateField" Date="20231124" Time="165138">CalculateField 1ra_Red_vial_primaria_acceso_controlado_cdmx_09_23 ID_NOM 1 VB #</Process><Process ToolSource="c:\program files (x86)\arcgis\desktop10.4\ArcToolbox\Toolboxes\Data Management Tools.tbx\CalculateField" Date="20231124" Time="165235">CalculateField 1ra_Red_vial_primaria_acceso_controlado_cdmx_09_23 ID_NOM 1 VB #</Process><Process ToolSource="c:\program files (x86)\arcgis\desktop10.4\ArcToolbox\Toolboxes\Data Management Tools.tbx\CalculateField" Date="20231124" Time="165547">CalculateField 1ra_Red_vial_primaria_acceso_controlado_cdmx_09_23 ID_NOM 1 VB #</Process><Process ToolSource="c:\program files (x86)\arcgis\desktop10.4\ArcToolbox\Toolboxes\Data Management Tools.tbx\CalculateField" Date="20231124" Time="165655">CalculateField 1ra_Red_vial_primaria_acceso_controlado_cdmx_09_23 ID_NOM 1 VB #</Process><Process ToolSource="c:\program files (x86)\arcgis\desktop10.4\ArcToolbox\Toolboxes\Data Management Tools.tbx\CalculateField" Date="20231124" Time="165756">CalculateField 1ra_Red_vial_primaria_acceso_controlado_cdmx_09_23 ID_NOM 1 VB #</Process><Process ToolSource="c:\program files (x86)\arcgis\desktop10.4\ArcToolbox\Toolboxes\Data Management Tools.tbx\CalculateField" Date="20231124" Time="170018">CalculateField 1ra_Red_vial_primaria_acceso_controlado_cdmx_09_23 ID_NOM 2 VB #</Process><Process ToolSource="c:\program files (x86)\arcgis\desktop10.4\ArcToolbox\Toolboxes\Data Management Tools.tbx\CalculateField" Date="20231124" Time="170130">CalculateField 1ra_Red_vial_primaria_acceso_controlado_cdmx_09_23 ID_NOM 1 VB #</Process><Process ToolSource="c:\program files (x86)\arcgis\desktop10.4\ArcToolbox\Toolboxes\Data Management Tools.tbx\CalculateField" Date="20231124" Time="170137">CalculateField 1ra_Red_vial_primaria_acceso_controlado_cdmx_09_23 ID_NOM 1 VB #</Process><Process ToolSource="c:\program files (x86)\arcgis\desktop10.4\ArcToolbox\Toolboxes\Data Management Tools.tbx\CalculateField" Date="20231124" Time="170229">CalculateField 1ra_Red_vial_primaria_acceso_controlado_cdmx_09_23 ID_NOM 1 VB #</Process><Process ToolSource="c:\program files (x86)\arcgis\desktop10.4\ArcToolbox\Toolboxes\Data Management Tools.tbx\CalculateField" Date="20231124" Time="170321">CalculateField 1ra_Red_vial_primaria_acceso_controlado_cdmx_09_23 ID_NOM 2 VB #</Process><Process ToolSource="c:\program files (x86)\arcgis\desktop10.4\ArcToolbox\Toolboxes\Data Management Tools.tbx\CalculateField" Date="20231124" Time="170428">CalculateField 1ra_Red_vial_primaria_acceso_controlado_cdmx_09_23 ID_NOM 3 VB #</Process><Process ToolSource="c:\program files (x86)\arcgis\desktop10.4\ArcToolbox\Toolboxes\Data Management Tools.tbx\CalculateField" Date="20231124" Time="170715">CalculateField 1ra_Red_vial_primaria_acceso_controlado_cdmx_09_23 ID_NOM 1 VB #</Process><Process ToolSource="c:\program files (x86)\arcgis\desktop10.4\ArcToolbox\Toolboxes\Data Management Tools.tbx\CalculateField" Date="20231124" Time="170805">CalculateField 1ra_Red_vial_primaria_acceso_controlado_cdmx_09_23 ID_NOM 1 VB #</Process><Process ToolSource="c:\program files (x86)\arcgis\desktop10.4\ArcToolbox\Toolboxes\Data Management Tools.tbx\CalculateField" Date="20231124" Time="170907">CalculateField 1ra_Red_vial_primaria_acceso_controlado_cdmx_09_23 ID_NOM 1 VB #</Process><Process ToolSource="c:\program files (x86)\arcgis\desktop10.4\ArcToolbox\Toolboxes\Data Management Tools.tbx\CalculateField" Date="20231124" Time="170949">CalculateField 1ra_Red_vial_primaria_acceso_controlado_cdmx_09_23 ID_NOM 2 VB #</Process><Process ToolSource="c:\program files (x86)\arcgis\desktop10.4\ArcToolbox\Toolboxes\Data Management Tools.tbx\CalculateField" Date="20231124" Time="171104">CalculateField 1ra_Red_vial_primaria_acceso_controlado_cdmx_09_23 ID_NOM 3 VB #</Process><Process ToolSource="c:\program files (x86)\arcgis\desktop10.4\ArcToolbox\Toolboxes\Data Management Tools.tbx\CalculateField" Date="20231124" Time="171326">CalculateField 1ra_Red_vial_primaria_acceso_controlado_cdmx_09_23 ID_NOM 1 VB #</Process><Process ToolSource="c:\program files (x86)\arcgis\desktop10.4\ArcToolbox\Toolboxes\Data Management Tools.tbx\CalculateField" Date="20231124" Time="171421">CalculateField 1ra_Red_vial_primaria_acceso_controlado_cdmx_09_23 ID_NOM 2 VB #</Process><Process ToolSource="c:\program files (x86)\arcgis\desktop10.4\ArcToolbox\Toolboxes\Data Management Tools.tbx\CalculateField" Date="20231124" Time="171509">CalculateField 1ra_Red_vial_primaria_acceso_controlado_cdmx_09_23 ID_NOM 1 VB #</Process><Process ToolSource="c:\program files (x86)\arcgis\desktop10.4\ArcToolbox\Toolboxes\Data Management Tools.tbx\CalculateField" Date="20231124" Time="171755">CalculateField 1ra_Red_vial_primaria_acceso_controlado_cdmx_09_23 ID_NOM 1 VB #</Process><Process ToolSource="c:\program files (x86)\arcgis\desktop10.4\ArcToolbox\Toolboxes\Data Management Tools.tbx\CalculateField" Date="20231124" Time="172001">CalculateField 1ra_Red_vial_primaria_acceso_controlado_cdmx_09_23 ID_NOM 1 VB #</Process><Process ToolSource="c:\program files (x86)\arcgis\desktop10.4\ArcToolbox\Toolboxes\Data Management Tools.tbx\CalculateField" Date="20231124" Time="172138">CalculateField 1ra_Red_vial_primaria_acceso_controlado_cdmx_09_23 ID_NOM 2 VB #</Process><Process ToolSource="c:\program files (x86)\arcgis\desktop10.4\ArcToolbox\Toolboxes\Data Management Tools.tbx\CalculateField" Date="20231124" Time="172521">CalculateField 1ra_Red_vial_primaria_acceso_controlado_cdmx_09_23 ID_NOM 3 VB #</Process><Process ToolSource="c:\program files (x86)\arcgis\desktop10.4\ArcToolbox\Toolboxes\Data Management Tools.tbx\CalculateField" Date="20231124" Time="173436">CalculateField 1ra_Red_vial_primaria_acceso_controlado_cdmx_09_23 ID_NOM 4 VB #</Process><Process ToolSource="c:\program files (x86)\arcgis\desktop10.4\ArcToolbox\Toolboxes\Data Management Tools.tbx\CalculateField" Date="20231124" Time="173703">CalculateField 1ra_Red_vial_primaria_acceso_controlado_cdmx_09_23 ID_NOM 1 VB #</Process><Process ToolSource="c:\program files (x86)\arcgis\desktop10.4\ArcToolbox\Toolboxes\Data Management Tools.tbx\CalculateField" Date="20231124" Time="173852">CalculateField 1ra_Red_vial_primaria_acceso_controlado_cdmx_09_23 ID_NOM 1 VB #</Process><Process ToolSource="c:\program files (x86)\arcgis\desktop10.4\ArcToolbox\Toolboxes\Data Management Tools.tbx\CalculateField" Date="20231124" Time="174224">CalculateField 1ra_Red_vial_primaria_acceso_controlado_cdmx_09_23 ID_NOM 1 VB #</Process><Process ToolSource="c:\program files (x86)\arcgis\desktop10.4\ArcToolbox\Toolboxes\Data Management Tools.tbx\CalculateField" Date="20231124" Time="174809">CalculateField 1ra_Red_vial_primaria_acceso_controlado_cdmx_09_23 ID_NOM 1 VB #</Process><Process ToolSource="c:\program files (x86)\arcgis\desktop10.4\ArcToolbox\Toolboxes\Data Management Tools.tbx\CalculateField" Date="20231124" Time="174850">CalculateField 1ra_Red_vial_primaria_acceso_controlado_cdmx_09_23 ID_NOM 2 VB #</Process><Process ToolSource="c:\program files (x86)\arcgis\desktop10.4\ArcToolbox\Toolboxes\Data Management Tools.tbx\CalculateField" Date="20231124" Time="175346">CalculateField 1ra_Red_vial_primaria_acceso_controlado_cdmx_09_23 ID_NOM 1 VB #</Process><Process ToolSource="c:\program files (x86)\arcgis\desktop10.4\ArcToolbox\Toolboxes\Data Management Tools.tbx\CalculateField" Date="20231124" Time="175539">CalculateField 1ra_Red_vial_primaria_acceso_controlado_cdmx_09_23 ID_NOM 1 VB #</Process><Process ToolSource="c:\program files (x86)\arcgis\desktop10.4\ArcToolbox\Toolboxes\Data Management Tools.tbx\CalculateField" Date="20231124" Time="175825">CalculateField 1ra_Red_vial_primaria_acceso_controlado_cdmx_09_23 ID_NOM 2 VB #</Process><Process ToolSource="c:\program files (x86)\arcgis\desktop10.4\ArcToolbox\Toolboxes\Data Management Tools.tbx\CalculateField" Date="20231124" Time="180025">CalculateField 1ra_Red_vial_primaria_acceso_controlado_cdmx_09_23 ID_NOM 3 VB #</Process><Process ToolSource="c:\program files (x86)\arcgis\desktop10.4\ArcToolbox\Toolboxes\Data Management Tools.tbx\CalculateField" Date="20231124" Time="180628">CalculateField 1ra_Red_vial_primaria_acceso_controlado_cdmx_09_23 ID_NOM 2 VB #</Process><Process ToolSource="c:\program files (x86)\arcgis\desktop10.4\ArcToolbox\Toolboxes\Data Management Tools.tbx\CalculateField" Date="20231124" Time="180716">CalculateField 1ra_Red_vial_primaria_acceso_controlado_cdmx_09_23 ID_NOM 3 VB #</Process><Process ToolSource="c:\program files (x86)\arcgis\desktop10.4\ArcToolbox\Toolboxes\Data Management Tools.tbx\CalculateField" Date="20231124" Time="180948">CalculateField 1ra_Red_vial_primaria_acceso_controlado_cdmx_09_23 ID_NOM 1 VB #</Process></lineage><itemProps><itemName Sync="TRUE">Casa_del_Obrero_Mundial_Merg</itemName><imsContentType Sync="TRUE">002</imsContentType><itemLocation><linkage Sync="TRUE">file://\\LAPTOP-7O30CELD\C$\Users\luisr\Dropbox\PC\Documents\ArcGIS\Default.gdb</linkage><protocol Sync="TRUE">Local Area Network</protocol></itemLocation></itemProps><coordRef><type Sync="TRUE">Projected</type><geogcsn Sync="TRUE">GCS_WGS_1984</geogcsn><csUnits Sync="TRUE">Linear Unit: Meter (1.000000)</csUnits><projcsn Sync="TRUE">WGS_1984_UTM_Zone_14N</projcsn><peXml Sync="TRUE">&lt;ProjectedCoordinateSystem xsi:type='typens:ProjectedCoordinateSystem' xmlns:xsi='http://www.w3.org/2001/XMLSchema-instance' xmlns:xs='http://www.w3.org/2001/XMLSchema' xmlns:typens='http://www.esri.com/schemas/ArcGIS/10.4'&gt;&lt;WKT&gt;PROJCS[&amp;quot;WGS_1984_UTM_Zone_14N&amp;quot;,GEOGCS[&amp;quot;GCS_WGS_1984&amp;quot;,DATUM[&amp;quot;D_WGS_1984&amp;quot;,SPHEROID[&amp;quot;WGS_1984&amp;quot;,6378137.0,298.257223563]],PRIMEM[&amp;quot;Greenwich&amp;quot;,0.0],UNIT[&amp;quot;Degree&amp;quot;,0.0174532925199433]],PROJECTION[&amp;quot;Transverse_Mercator&amp;quot;],PARAMETER[&amp;quot;False_Easting&amp;quot;,500000.0],PARAMETER[&amp;quot;False_Northing&amp;quot;,0.0],PARAMETER[&amp;quot;Central_Meridian&amp;quot;,-99.0],PARAMETER[&amp;quot;Scale_Factor&amp;quot;,0.9996],PARAMETER[&amp;quot;Latitude_Of_Origin&amp;quot;,0.0],UNIT[&amp;quot;Meter&amp;quot;,1.0],AUTHORITY[&amp;quot;EPSG&amp;quot;,32614]]&lt;/WKT&gt;&lt;XOrigin&gt;-5120900&lt;/XOrigin&gt;&lt;YOrigin&gt;-9998100&lt;/YOrigin&gt;&lt;XYScale&gt;10000&lt;/XYScale&gt;&lt;ZOrigin&gt;-100000&lt;/ZOrigin&gt;&lt;ZScale&gt;10000&lt;/ZScale&gt;&lt;MOrigin&gt;-100000&lt;/MOrigin&gt;&lt;MScale&gt;10000&lt;/MScale&gt;&lt;XYTolerance&gt;0.001&lt;/XYTolerance&gt;&lt;ZTolerance&gt;0.001&lt;/ZTolerance&gt;&lt;MTolerance&gt;0.001&lt;/MTolerance&gt;&lt;HighPrecision&gt;true&lt;/HighPrecision&gt;&lt;WKID&gt;32614&lt;/WKID&gt;&lt;LatestWKID&gt;32614&lt;/LatestWKID&gt;&lt;/ProjectedCoordinateSystem&gt;</peXml></coordRef></DataProperties><SyncDate>20231124</SyncDate><SyncTime>12412500</SyncTime><ModDate>20231124</ModDate><ModTime>12412500</ModTime></Esri><dataIdInfo><envirDesc Sync="TRUE"> Version 6.2 (Build 9200) ; Esri ArcGIS 10.4.1.5686</envirDesc><dataLang><languageCode value="spa" Sync="TRUE"></languageCode><countryCode value="MEX" Sync="TRUE"></countryCode></dataLang><idCitation><resTitle Sync="TRUE">Casa_del_Obrero_Mundial_Merg</resTitle><presForm><PresFormCd value="005" Sync="TRUE"></PresFormCd></presForm></idCitation><spatRpType><SpatRepTypCd value="001" Sync="TRUE"></SpatRepTypCd></spatRpType></dataIdInfo><mdLang><languageCode value="spa" Sync="TRUE"></languageCode><countryCode value="MEX" Sync="TRUE"></countryCode></mdLang><distInfo><distFormat><formatName Sync="TRUE">File Geodatabase Feature Class</formatName></distFormat></distInfo><mdHrLv><ScopeCd value="005" Sync="TRUE"></ScopeCd></mdHrLv><mdHrLvName Sync="TRUE">dataset</mdHrLvName><refSysInfo><RefSystem><refSysID><identCode code="32614" Sync="TRUE"></identCode><idCodeSpace Sync="TRUE">EPSG</idCodeSpace><idVersion Sync="TRUE">2.1(3.0.1)</idVersion></refSysID></RefSystem></refSysInfo><spatRepInfo><VectSpatRep><geometObjs Name="Casa_del_Obrero_Mundial_Merg"><geoObjTyp><GeoObjTypCd value="002" Sync="TRUE"></GeoObjTypCd></geoObjTyp><geoObjCnt Sync="TRUE">0</geoObjCnt></geometObjs><topLvl><TopoLevCd value="001" Sync="TRUE"></TopoLevCd></topLvl></VectSpatRep></spatRepInfo><spdoinfo><ptvctinf><esriterm Name="Casa_del_Obrero_Mundial_Merg"><efeatyp Sync="TRUE">Simple</efeatyp><efeageom code="3" Sync="TRUE"></efeageom><esritopo Sync="TRUE">FALSE</esritopo><efeacnt Sync="TRUE">0</efeacnt><spindex Sync="TRUE">TRUE</spindex><linrefer Sync="TRUE">FALSE</linrefer></esriterm></ptvctinf></spdoinfo><eainfo><detailed Name="Casa_del_Obrero_Mundial_Merg"><enttyp><enttypl Sync="TRUE">Casa_del_Obrero_Mundial_Merg</enttypl><enttypt Sync="TRUE">Feature Class</enttypt><enttypc Sync="TRUE">0</enttypc></enttyp><attr><attrlabl Sync="TRUE">OBJECTID_1</attrlabl><attalias Sync="TRUE">OBJECTID_1</attalias><attrtype Sync="TRUE">OID</attrtype><attwidth Sync="TRUE">4</attwidth><atprecis Sync="TRUE">0</atprecis><attscale Sync="TRUE">0</attscale><attrdef Sync="TRUE">Internal feature number.</attrdef><attrdefs Sync="TRUE">Esri</attrdefs><attrdomv><udom Sync="TRUE">Sequential unique whole numbers that are automatically generated.</udom></attrdomv></attr><attr><attrlabl Sync="TRUE">Shape</attrlabl><attalias Sync="TRUE">Shape</attalias><attrtype Sync="TRUE">Geometry</attrtype><attwidth Sync="TRUE">0</attwidth><atprecis Sync="TRUE">0</atprecis><attscale Sync="TRUE">0</attscale><attrdef Sync="TRUE">Feature geometry.</attrdef><attrdefs Sync="TRUE">Esri</attrdefs><attrdomv><udom Sync="TRUE">Coordinates defining the features.</udom></attrdomv></attr><attr><attrlabl Sync="TRUE">OBJECTID</attrlabl><attalias Sync="TRUE">OBJECTID</attalias><attrtype Sync="TRUE">Integer</attrtype><attwidth Sync="TRUE">4</attwidth><atprecis Sync="TRUE">0</atprecis><attscale Sync="TRUE">0</attscale></attr><attr><attrlabl Sync="TRUE">ID_VIA</attrlabl><attalias Sync="TRUE">ID_VIA</attalias><attrtype Sync="TRUE">Integer</attrtype><attwidth Sync="TRUE">4</attwidth><atprecis Sync="TRUE">0</atprecis><attscale Sync="TRUE">0</attscale></attr><attr><attrlabl Sync="TRUE">NOMBRE</attrlabl><attalias Sync="TRUE">NOMBRE</attalias><attrtype Sync="TRUE">String</attrtype><attwidth Sync="TRUE">254</attwidth><atprecis Sync="TRUE">0</atprecis><attscale Sync="TRUE">0</attscale></attr><attr><attrlabl Sync="TRUE">ID_NOM</attrlabl><attalias Sync="TRUE">ID_NOM</attalias><attrtype Sync="TRUE">Integer</attrtype><attwidth Sync="TRUE">4</attwidth><atprecis Sync="TRUE">0</atprecis><attscale Sync="TRUE">0</attscale></attr><attr><attrlabl Sync="TRUE">NOMENCLAT</attrlabl><attalias Sync="TRUE">NOMENCLAT</attalias><attrtype Sync="TRUE">String</attrtype><attwidth Sync="TRUE">150</attwidth><atprecis Sync="TRUE">0</atprecis><attscale Sync="TRUE">0</attscale></attr><attr><attrlabl Sync="TRUE">TIPO_VIA</attrlabl><attalias Sync="TRUE">TIPO_VIA</attalias><attrtype Sync="TRUE">String</attrtype><attwidth Sync="TRUE">150</attwidth><atprecis Sync="TRUE">0</atprecis><attscale Sync="TRUE">0</attscale></attr><attr><attrlabl Sync="TRUE">CARRILES</attrlabl><attalias Sync="TRUE">CARRILES</attalias><attrtype Sync="TRUE">String</attrtype><attwidth Sync="TRUE">3</attwidth><atprecis Sync="TRUE">0</atprecis><attscale Sync="TRUE">0</attscale></attr><attr><attrlabl Sync="TRUE">NIVEL</attrlabl><attalias Sync="TRUE">NIVEL</attalias><attrtype Sync="TRUE">Integer</attrtype><attwidth Sync="TRUE">4</attwidth><atprecis Sync="TRUE">0</atprecis><attscale Sync="TRUE">0</attscale></attr><attr><attrlabl Sync="TRUE">CIRCULA</attrlabl><attalias Sync="TRUE">CIRCULA</attalias><attrtype Sync="TRUE">String</attrtype><attwidth Sync="TRUE">150</attwidth><atprecis Sync="TRUE">0</atprecis><attscale Sync="TRUE">0</attscale></attr><attr><attrlabl Sync="TRUE">ALCALDIA</attrlabl><attalias Sync="TRUE">ALCALDIA</attalias><attrtype Sync="TRUE">String</attrtype><attwidth Sync="TRUE">150</attwidth><atprecis Sync="TRUE">0</atprecis><attscale Sync="TRUE">0</attscale></attr><attr><attrlabl Sync="TRUE">Shape_Length</attrlabl><attalias Sync="TRUE">Shape_Length</attalias><attrtype Sync="TRUE">Double</attrtype><attwidth Sync="TRUE">8</attwidth><atprecis Sync="TRUE">0</atprecis><attscale Sync="TRUE">0</attscale><attrdef Sync="TRUE">Length of feature in internal units.</attrdef><attrdefs Sync="TRUE">Esri</attrdefs><attrdomv><udom Sync="TRUE">Positive real numbers that are automatically generated.</udom></attrdomv></attr></detailed></eainfo><mdDateSt Sync="TRUE">20231124</mdDateSt></metadata>
